Date,BTC_Price_USD,MSTR_Price_USD,BTC_Momentum_12M,BTC_Volatility_12M,MSTR_to_BTC_Ratio
2020-01-02,6985.47,14.43,0.18,0.65,0.002066
2020-01-03,7344.88,14.36,0.18,0.65,0.001955
2020-01-06,7769.22,14.43,0.18,0.65,0.001857
2020-01-07,8163.69,14.39,0.18,0.65,0.001762
2020-01-08,8079.86,14.37,0.18,0.65,0.001779
2020-01-09,7879.07,14.35,0.18,0.65,0.001821
2020-01-10,8166.55,14.24,0.18,0.65,0.001744
2020-01-13,8144.19,14.46,0.18,0.65,0.001775
2020-01-14,8827.76,14.48,0.18,0.65,0.00164
2020-01-15,8807.01,14.63,0.18,0.65,0.001661
2020-01-16,8723.79,14.67,0.18,0.65,0.001682
2020-01-17,8929.04,14.67,0.18,0.65,0.001643
2020-01-21,8745.89,14.6,0.18,0.65,0.001669
2020-01-22,8680.88,14.59,0.18,0.65,0.001681
2020-01-23,8406.52,14.57,0.18,0.65,0.001734
2020-01-24,8445.43,14.32,0.18,0.65,0.001695
2020-01-27,8909.82,14.25,0.18,0.65,0.0016
2020-01-28,9358.59,14.4,0.18,0.65,0.001539
2020-01-29,9316.63,15.26,0.18,0.65,0.001638
2020-01-30,9508.99,15.27,0.18,0.65,0.001606
2020-01-31,9350.53,15.2,0.18,0.65,0.001626
2020-02-03,9293.52,14.95,0.18,0.65,0.001608
2020-02-04,9180.96,15.18,0.18,0.65,0.001654
2020-02-05,9613.42,15.28,0.18,0.65,0.00159
2020-02-06,9729.8,15.22,0.18,0.65,0.001565
2020-02-07,9795.94,15.27,0.18,0.65,0.001558
2020-02-10,9856.61,15.15,0.18,0.65,0.001537
2020-02-11,10208.24,15.21,0.18,0.65,0.00149
2020-02-12,10326.05,14.98,0.18,0.65,0.001451
2020-02-13,10214.38,14.81,0.18,0.65,0.00145
2020-02-14,10312.12,14.88,0.18,0.65,0.001443
2020-02-18,10142.0,14.8,0.18,0.65,0.001459
2020-02-19,9633.39,14.96,0.18,0.65,0.001553
2020-02-20,9608.48,14.98,0.18,0.65,0.001559
2020-02-21,9686.44,14.99,0.18,0.65,0.001548
2020-02-24,9650.17,14.59,0.18,0.65,0.001512
2020-02-25,9341.71,14.01,0.18,0.65,0.001499
2020-02-26,8820.52,14.01,0.18,0.65,0.001589
2020-02-27,8784.49,13.62,0.18,0.65,0.001551
2020-02-28,8672.46,13.52,0.18,0.65,0.001558
2020-03-02,8869.67,13.67,0.18,0.65,0.001541
2020-03-03,8787.79,13.44,0.18,0.65,0.001529
2020-03-04,8755.25,13.62,0.18,0.65,0.001555
2020-03-05,9078.76,13.69,0.18,0.65,0.001508
2020-03-06,9122.55,13.63,0.18,0.65,0.001494
2020-03-09,7923.64,12.94,0.18,0.65,0.001633
2020-03-10,7909.73,13.0,0.18,0.65,0.001643
2020-03-11,7911.43,12.41,0.18,0.65,0.001569
2020-03-12,4970.79,10.85,0.18,0.65,0.002183
2020-03-13,5563.71,11.13,0.18,0.65,0.002001
2020-03-16,5014.48,10.67,0.18,0.65,0.002127
2020-03-17,5225.63,10.94,0.18,0.65,0.002093
2020-03-18,5238.44,9.22,0.18,0.65,0.00176
2020-03-19,6191.19,10.54,0.18,0.65,0.001702
2020-03-20,6198.78,10.07,0.18,0.65,0.001625
2020-03-23,6416.31,10.25,0.18,0.65,0.001597
2020-03-24,6734.8,10.69,0.18,0.65,0.001587
2020-03-25,6681.06,10.41,0.18,0.65,0.001559
2020-03-26,6716.44,11.05,0.18,0.65,0.001646
2020-03-27,6469.8,10.63,0.18,0.65,0.001643
2020-03-30,6429.84,11.02,0.18,0.65,0.001715
2020-03-31,6438.64,11.81,0.18,0.65,0.001834
2020-04-01,6606.78,11.34,0.18,0.65,0.001716
2020-04-02,6793.62,11.45,0.18,0.65,0.001685
2020-04-03,6733.39,11.22,0.18,0.65,0.001667
2020-04-06,7271.78,11.6,0.18,0.65,0.001596
2020-04-07,7176.41,11.77,0.18,0.65,0.00164
2020-04-08,7334.1,12.3,0.18,0.65,0.001677
2020-04-09,7302.09,12.54,0.18,0.65,0.001718
2020-04-13,6845.04,12.21,0.18,0.65,0.001784
2020-04-14,6842.43,12.65,0.18,0.65,0.001849
2020-04-15,6642.11,12.26,0.18,0.65,0.001846
2020-04-16,7116.8,12.41,0.18,0.65,0.001744
2020-04-17,7096.18,12.65,0.18,0.65,0.001783
2020-04-20,6881.96,12.69,0.18,0.65,0.001844
2020-04-21,6880.32,12.27,0.18,0.65,0.001783
2020-04-22,7117.21,12.5,0.18,0.65,0.001756
2020-04-23,7429.72,12.6,0.18,0.65,0.001696
2020-04-24,7550.9,12.56,0.18,0.65,0.001663
2020-04-27,7795.6,12.92,0.18,0.65,0.001658
2020-04-28,7807.06,12.89,0.18,0.65,0.00165
2020-04-29,8801.04,12.75,0.18,0.65,0.001448
2020-04-30,8658.55,12.63,0.18,0.65,0.001459
2020-05-01,8864.77,12.26,0.18,0.65,0.001383
2020-05-04,8912.65,11.85,0.18,0.65,0.00133
2020-05-05,9003.07,12.08,0.18,0.65,0.001342
2020-05-06,9268.76,12.2,0.18,0.65,0.001316
2020-05-07,9951.52,12.35,0.18,0.65,0.001241
2020-05-08,9842.67,12.47,0.18,0.65,0.001267
2020-05-11,8601.8,12.38,0.18,0.65,0.001439
2020-05-12,8804.48,12.01,0.2604,1.2728,0.001364
2020-05-13,9269.99,11.49,0.327,1.2695,0.00124
2020-05-14,9733.72,11.32,0.3934,1.2658,0.001163
2020-05-15,9328.2,11.56,0.3354,1.2622,0.001239
2020-05-18,9726.58,12.01,0.3924,1.2577,0.001235
2020-05-19,9729.04,11.91,0.3928,1.2511,0.001224
2020-05-20,9522.98,12.12,0.3633,1.2454,0.001273
2020-05-21,9081.76,12.07,0.3001,1.2428,0.001329
2020-05-22,9182.58,12.24,0.3145,1.2365,0.001333
2020-05-26,8835.05,12.47,0.2648,1.2327,0.001412
2020-05-27,9181.02,12.59,0.3143,1.2284,0.001372
2020-05-28,9525.75,12.53,0.3637,1.224,0.001316
2020-05-29,9439.12,12.45,0.3513,1.2181,0.001319
2020-06-01,10167.27,12.26,0.4555,1.2195,0.001206
2020-06-02,9529.8,12.11,0.3642,1.2203,0.001271
2020-06-03,9656.72,12.96,0.3824,1.2146,0.001342
2020-06-04,9800.64,12.53,0.403,1.209,0.001278
2020-06-05,9665.53,12.52,0.3837,1.2037,0.001295
2020-06-08,9771.49,12.64,0.3988,1.1982,0.001293
2020-06-09,9795.7,12.57,0.4023,1.1926,0.001283
2020-06-10,9870.09,12.39,0.4129,1.1871,0.001256
2020-06-11,9321.78,11.73,0.3345,1.1868,0.001259
2020-06-12,9480.84,11.8,0.3572,1.1817,0.001245
2020-06-15,9450.7,12.27,0.3529,1.1765,0.001298
2020-06-16,9538.02,12.2,0.3654,1.1713,0.001279
2020-06-17,9480.25,12.17,0.3571,1.1663,0.001284
2020-06-18,9411.84,11.95,0.3473,1.1613,0.001269
2020-06-19,9288.02,11.82,0.3296,1.1566,0.001272
2020-06-22,9648.72,11.87,0.3813,1.1534,0.00123
2020-06-23,9629.66,11.75,0.3785,1.1485,0.001221
2020-06-24,9313.61,11.44,0.3333,1.1454,0.001228
2020-06-25,9264.81,11.78,0.3263,1.1407,0.001271
2020-06-26,9162.92,11.6,0.3117,1.1362,0.001266
2020-06-29,9190.85,11.85,0.3157,1.1316,0.001289
2020-06-30,9137.99,11.83,0.3081,1.127,0.001294
2020-07-01,9228.33,11.78,0.3211,1.1226,0.001277
2020-07-02,9123.41,11.73,0.3061,1.1183,0.001286
2020-07-06,9375.47,11.98,0.3421,1.1147,0.001277
2020-07-07,9252.28,11.81,0.3245,1.1106,0.001276
2020-07-08,9428.33,11.82,0.3497,1.1066,0.001254
2020-07-09,9277.97,11.74,0.3282,1.1027,0.001265
2020-07-10,9278.81,11.77,0.3283,1.0985,0.001268
2020-07-13,9243.61,11.58,0.3233,1.0943,0.001253
2020-07-14,9243.21,11.67,0.3232,1.0902,0.001262
2020-07-15,9192.84,12.05,0.316,1.0861,0.00131
2020-07-16,9132.23,11.85,0.3073,1.0822,0.001297
2020-07-17,9151.39,11.83,0.3101,1.0782,0.001293
2020-07-20,9164.23,12.05,0.3119,1.0742,0.001315
2020-07-21,9374.89,12.1,0.3421,1.0708,0.001291
2020-07-22,9525.36,12.12,0.3636,1.0671,0.001272
2020-07-23,9581.07,11.98,0.3716,1.0633,0.00125
2020-07-24,9536.89,11.69,0.3652,1.0596,0.001226
2020-07-27,10990.87,11.77,0.5734,1.0793,0.001071
2020-07-28,10912.82,11.78,0.5622,1.0756,0.00108
2020-07-29,11100.47,12.27,0.5891,1.0721,0.001106
2020-07-30,11111.21,12.22,0.5906,1.0684,0.001099
2020-07-31,11323.47,12.39,0.621,1.065,0.001094
2020-08-03,11246.35,12.37,0.61,1.0614,0.0011
2020-08-04,11205.89,12.33,0.6042,1.0579,0.0011
2020-08-05,11747.02,12.4,0.6816,1.0565,0.001055
2020-08-06,11779.77,12.34,0.6863,1.053,0.001047
2020-08-07,11601.47,12.34,0.6608,1.0499,0.001064
2020-08-10,11878.11,12.36,0.7004,1.0468,0.001041
2020-08-11,11410.53,13.49,0.6335,1.0456,0.001182
2020-08-12,11584.93,13.7,0.6584,1.0423,0.001183
2020-08-13,11784.14,13.7,0.6869,1.0391,0.001163
2020-08-14,11768.87,14.66,0.6848,1.0358,0.001246
2020-08-17,12254.4,14.38,0.7543,1.034,0.001174
2020-08-18,11991.23,14.31,0.7166,1.0314,0.001194
2020-08-19,11758.28,14.17,0.6832,1.0288,0.001205
2020-08-20,11878.37,14.41,0.7004,1.0256,0.001213
2020-08-21,11592.49,14.51,0.6595,1.0232,0.001252
2020-08-24,11774.6,14.86,0.6856,1.0202,0.001262
2020-08-25,11366.13,14.7,0.6271,1.0187,0.001293
2020-08-26,11488.36,14.61,0.6446,1.0156,0.001271
2020-08-27,11323.4,14.65,0.621,1.0129,0.001294
2020-08-28,11542.5,14.69,0.6524,1.0101,0.001273
2020-08-31,11680.82,14.44,0.6722,1.0071,0.001237
2020-09-01,11970.48,14.88,0.7136,1.0046,0.001243
2020-09-02,11414.03,15.0,0.634,1.0044,0.001314
2020-09-03,10245.3,14.43,0.4667,1.0145,0.001408
2020-09-04,10511.81,14.22,0.5048,1.0121,0.001353
2020-09-08,10131.52,13.88,0.4504,1.0107,0.00137
2020-09-09,10242.35,14.11,0.4662,1.0079,0.001378
2020-09-10,10363.14,13.97,0.4835,1.0051,0.001348
2020-09-11,10400.92,14.11,0.4889,1.0022,0.001357
2020-09-14,10680.84,14.26,0.529,0.9999,0.001335
2020-09-15,10796.95,15.57,0.5456,0.9971,0.001443
2020-09-16,10974.91,17.49,0.5711,0.9945,0.001594
2020-09-17,10948.99,16.36,0.5674,0.9917,0.001494
2020-09-18,10944.59,15.96,0.5668,0.989,0.001458
2020-09-21,10462.26,15.22,0.4977,0.9885,0.001454
2020-09-22,10538.46,15.43,0.5086,0.9858,0.001464
2020-09-23,10246.19,14.83,0.4668,0.9841,0.001447
2020-09-24,10760.07,14.61,0.5403,0.9836,0.001357
2020-09-25,10692.72,14.61,0.5307,0.981,0.001367
2020-09-28,10709.65,15.15,0.5331,0.9783,0.001414
2020-09-29,10844.64,14.97,0.5525,0.9758,0.00138
2020-09-30,10784.49,15.06,0.5438,0.9732,0.001396
2020-10-01,10619.45,14.9,0.5202,0.971,0.001403
2020-10-02,10575.97,14.65,0.514,0.9684,0.001385
2020-10-05,10793.34,14.82,0.5451,0.9662,0.001373
2020-10-06,10604.41,15.0,0.5181,0.9641,0.001415
2020-10-07,10668.97,15.31,0.5273,0.9616,0.001435
2020-10-08,10915.69,16.39,0.5626,0.9595,0.001502
2020-10-09,11064.46,16.47,0.5839,0.9571,0.001489
2020-10-12,11555.36,16.65,0.6542,0.9563,0.001441
2020-10-13,11425.9,16.61,0.6357,0.9541,0.001454
2020-10-14,11429.51,16.42,0.6362,0.9516,0.001437
2020-10-15,11495.35,16.6,0.6456,0.9492,0.001444
2020-10-16,11322.12,16.47,0.6208,0.9472,0.001455
2020-10-19,11742.04,16.41,0.6809,0.9459,0.001398
2020-10-20,11916.33,16.91,0.7059,0.9437,0.001419
2020-10-21,12823.69,18.1,0.8358,0.9461,0.001412
2020-10-22,12965.89,18.31,0.8561,0.9438,0.001412
2020-10-23,12931.54,18.43,0.8512,0.9416,0.001425
2020-10-26,13075.25,17.5,0.8718,0.9393,0.001338
2020-10-27,13654.22,17.56,0.9547,0.9386,0.001286
2020-10-28,13271.29,16.22,0.8998,0.9372,0.001222
2020-10-29,13437.88,16.2,0.9237,0.9351,0.001205
2020-10-30,13546.52,16.71,0.9392,0.9328,0.001233
2020-11-02,13550.49,16.66,0.9398,0.9306,0.001229
2020-11-03,13950.3,17.19,0.997,0.929,0.001233
2020-11-04,14133.71,17.25,1.0233,0.9269,0.001221
2020-11-05,15579.85,18.17,1.2303,0.9329,0.001166
2020-11-06,15565.88,18.56,1.2283,0.9307,0.001192
2020-11-09,15332.32,18.5,1.1949,0.9289,0.001207
2020-11-10,15290.9,18.61,1.189,0.9268,0.001217
2020-11-11,15701.34,19.22,1.2477,0.9251,0.001224
2020-11-12,16276.34,18.69,1.33,0.9239,0.001149
2020-11-13,16317.81,19.23,1.336,0.9218,0.001178
2020-11-16,16716.11,20.39,1.393,0.9201,0.00122
2020-11-17,17645.41,20.82,1.526,0.9202,0.00118
2020-11-18,17804.01,21.3,1.5487,0.9182,0.001196
2020-11-19,17817.09,21.71,1.5506,0.9161,0.001219
2020-11-20,18621.31,22.21,1.6657,0.9155,0.001193
2020-11-23,18364.12,22.08,1.6289,0.9138,0.001202
2020-11-24,19107.46,24.72,1.7353,0.9128,0.001294
2020-11-25,18732.12,27.03,1.6816,0.9114,0.001443
2020-11-27,17108.4,27.13,1.4491,0.9172,0.001586
2020-11-30,19625.84,34.28,1.8095,0.9305,0.001747
2020-12-01,18803.0,32.4,1.6917,0.9304,0.001723
2020-12-02,19201.09,32.13,1.7487,0.9286,0.001673
2020-12-03,19445.4,33.16,1.7837,0.9267,0.001705
2020-12-04,18699.77,32.8,1.677,0.9263,0.001754
2020-12-07,19191.63,33.62,1.7474,0.9247,0.001752
2020-12-08,18321.14,28.94,1.6228,0.9249,0.00158
2020-12-09,18553.92,28.62,1.6561,0.923,0.001543
2020-12-10,18264.99,29.03,1.6147,0.9213,0.00159
2020-12-11,18058.9,28.59,1.5852,0.9196,0.001583
2020-12-14,19246.64,27.95,1.7552,0.9206,0.001452
2020-12-15,19417.08,28.58,1.7796,0.9187,0.001472
2020-12-16,21310.6,29.91,2.0507,0.9233,0.001404
2020-12-17,22805.16,29.78,2.2647,0.9246,0.001306
2020-12-18,23137.96,30.12,2.3123,0.9228,0.001302
2020-12-21,22803.08,31.76,2.2644,0.9212,0.001393
2020-12-22,23783.03,33.15,2.4046,0.9204,0.001394
2020-12-23,23241.35,33.72,2.3271,0.9192,0.001451
2020-12-24,23735.95,32.26,2.3979,0.9176,0.001359
2020-12-28,27084.81,37.0,2.8773,0.9285,0.001366
2020-12-29,27362.44,36.61,2.9171,0.9267,0.001338
2020-12-30,28840.95,39.0,3.1287,0.9266,0.001352
2020-12-31,29001.72,38.85,3.1517,0.9247,0.00134
2021-01-04,31971.91,42.52,3.5769,0.9295,0.00133
2021-01-05,33992.43,42.86,3.8662,0.93,0.001261
2021-01-06,36824.36,48.06,4.2716,0.9323,0.001305
2021-01-07,39371.04,53.58,4.6361,0.9333,0.001361
2021-01-08,40797.61,53.16,4.8404,0.9321,0.001303
2021-01-11,35566.66,49.55,4.0915,0.9459,0.001393
2021-01-12,33922.96,51.42,3.8562,0.9463,0.001516
2021-01-13,37316.36,51.93,4.342,0.9503,0.001392
2021-01-14,39187.33,63.1,4.6098,0.9498,0.00161
2021-01-15,36825.37,57.81,4.2717,0.9515,0.00157
2021-01-19,36069.8,59.22,4.1635,0.9502,0.001642
2021-01-20,35547.75,55.08,4.0888,0.9487,0.00155
2021-01-21,30825.7,52.05,3.4128,0.9628,0.001688
2021-01-22,33005.76,57.7,3.7249,0.9638,0.001748
2021-01-25,32366.39,57.14,3.6334,0.9625,0.001765
2021-01-26,32569.85,55.98,3.6625,0.9607,0.001719
2021-01-27,30432.55,54.01,3.3565,0.9627,0.001775
2021-01-28,33466.1,57.84,3.7908,0.9665,0.001728
2021-01-29,34316.39,61.73,3.9125,0.965,0.001799
2021-02-01,33537.18,63.46,3.801,0.9638,0.001892
2021-02-02,35510.29,68.79,4.0835,0.9639,0.001937
2021-02-03,37472.09,74.12,4.3643,0.9637,0.001978
2021-02-04,36926.07,76.56,4.2861,0.9622,0.002073
2021-02-05,38144.31,80.6,4.4605,0.9609,0.002113
2021-02-08,46196.46,104.1,5.6132,0.9825,0.002253
2021-02-09,46481.11,127.29,5.654,0.9807,0.002739
2021-02-10,44918.18,97.45,5.4302,0.9801,0.002169
2021-02-11,47909.33,100.99,5.8584,0.9806,0.002108
2021-02-12,47504.85,103.43,5.8005,0.979,0.002177
2021-02-16,49199.87,95.5,6.0432,0.9778,0.001941
2021-02-17,52149.01,94.18,6.4654,0.9778,0.001806
2021-02-18,51679.8,92.78,6.3982,0.9762,0.001795
2021-02-19,55888.13,96.37,7.0006,0.9778,0.001724
2021-02-22,54207.32,87.6,6.76,0.977,0.001616
2021-02-23,48824.43,69.12,5.9894,0.9834,0.001416
2021-02-24,49705.33,81.77,6.1155,0.9818,0.001645
2021-02-25,47093.85,73.16,5.7417,0.9825,0.001554
2021-02-26,46339.76,75.04,5.6337,0.9811,0.001619
2021-03-01,49631.24,78.24,6.1049,0.9819,0.001577
2021-03-02,48378.99,74.85,5.9257,0.9808,0.001547
2021-03-03,50538.24,73.16,6.2348,0.98,0.001448
2021-03-04,48561.17,64.57,5.9517,0.9797,0.00133
2021-03-05,48927.3,62.02,6.0042,0.9781,0.001268
2021-03-08,52246.52,62.42,6.4793,0.9786,0.001195
2021-03-09,54824.12,71.6,6.8483,0.978,0.001306
2021-03-10,56008.55,75.65,7.0179,0.9765,0.001351
2021-03-11,57805.12,80.38,7.2751,0.9753,0.00139
2021-03-12,57332.09,78.4,7.2073,0.9738,0.001367
2021-03-15,55907.2,76.9,7.0034,0.9728,0.001376
2021-03-16,56804.9,72.43,7.1319,0.9712,0.001275
2021-03-17,58870.89,77.1,7.4276,0.9701,0.00131
2021-03-18,57858.92,73.21,7.2828,0.9689,0.001265
2021-03-19,58346.65,77.7,7.3526,0.9673,0.001332
2021-03-22,54529.14,72.46,6.8061,0.9692,0.001329
2021-03-23,54738.95,67.72,6.8361,0.9676,0.001237
2021-03-24,52774.27,62.16,6.5549,0.9671,0.001178
2021-03-25,51704.16,62.09,6.4017,0.966,0.001201
2021-03-26,55137.31,62.4,6.8931,0.9665,0.001132
2021-03-29,57750.2,63.13,7.2672,0.9659,0.001093
2021-03-30,58917.69,65.4,7.4343,0.9644,0.00111
2021-03-31,58918.83,67.88,7.4345,0.9629,0.001152
2021-04-01,59095.81,70.36,7.4598,0.9614,0.001191
2021-04-05,59057.88,72.06,7.4544,0.9599,0.00122
2021-04-06,58192.36,70.46,7.3305,0.9586,0.001211
2021-04-07,56048.94,65.62,7.0236,0.9583,0.001171
2021-04-08,58323.95,69.01,7.3493,0.9575,0.001183
2021-04-09,58245.0,71.1,7.338,0.956,0.001221
2021-04-12,59893.45,71.82,7.574,0.9548,0.001199
2021-04-13,63503.46,84.85,8.0908,0.9549,0.001336
2021-04-14,63109.7,73.55,8.0344,0.9535,0.001165
2021-04-15,63314.01,74.01,8.0637,0.952,0.001169
2021-04-16,61572.79,69.36,7.8144,0.9512,0.001127
2021-04-19,55724.27,63.75,6.9772,0.9565,0.001144
2021-04-20,56473.03,64.64,7.0844,0.955,0.001145
2021-04-21,53906.09,65.05,6.7169,0.9552,0.001207
2021-04-22,51762.27,59.82,6.41,0.955,0.001156
2021-04-23,51093.65,61.3,6.3143,0.9538,0.0012
2021-04-26,54021.75,65.88,6.7334,0.9537,0.00122
2021-04-27,55033.12,67.7,6.8782,0.9524,0.00123
2021-04-28,54824.7,68.08,6.8484,0.951,0.001242
2021-04-29,53555.11,65.5,6.6666,0.9501,0.001223
2021-04-30,57750.18,65.72,7.2672,0.9514,0.001138
2021-05-03,57200.29,63.56,7.1885,0.9501,0.001111
2021-05-04,53333.54,61.69,6.6349,0.952,0.001157
2021-05-05,57424.01,62.35,7.2205,0.9532,0.001086
2021-05-06,56396.52,60.91,7.0734,0.9522,0.00108
2021-05-07,57356.4,62.05,7.2108,0.9508,0.001082
2021-05-10,55859.8,56.95,6.9966,0.95,0.001019
2021-05-11,56704.57,57.7,7.1175,0.9487,0.001017
2021-05-12,49150.54,54.19,6.0361,0.9597,0.001102
2021-05-13,49716.19,48.81,6.1171,0.9583,0.000982
2021-05-14,49880.54,52.13,6.1406,0.9569,0.001045
2021-05-17,43537.51,48.94,5.2326,0.9666,0.001124
2021-05-18,42909.4,48.72,5.1427,0.9654,0.001135
2021-05-19,37002.44,45.49,4.2971,0.9768,0.001229
2021-05-20,40782.74,47.27,4.8382,0.9799,0.001159
2021-05-21,37304.69,45.05,4.3403,0.9833,0.001208
2021-05-24,38705.98,47.24,4.5409,0.9824,0.001221
2021-05-25,38402.22,46.97,4.4974,0.9811,0.001223
2021-05-26,39294.2,48.28,4.6251,0.9798,0.001229
2021-05-27,38436.97,49.38,4.5024,0.9788,0.001285
2021-05-28,35697.61,47.0,4.1103,0.9807,0.001317
2021-06-01,36684.93,47.78,4.2516,0.9796,0.001302
2021-06-02,37575.18,49.85,4.379,0.9784,0.001327
2021-06-03,39208.77,48.86,4.6129,0.9778,0.001246
2021-06-04,36894.41,48.47,4.2816,0.9787,0.001314
2021-06-07,33560.71,46.98,3.8044,0.9824,0.0014
2021-06-08,33472.63,45.94,3.7918,0.9811,0.001372
2021-06-09,37345.12,51.3,4.3461,0.9854,0.001374
2021-06-10,36702.6,50.87,4.2541,0.9843,0.001386
2021-06-11,37334.4,51.64,4.3446,0.983,0.001383
2021-06-14,40218.48,59.85,4.7574,0.9841,0.001488
2021-06-15,40406.27,63.05,4.7843,0.9828,0.001561
2021-06-16,38347.06,61.98,4.2209,0.9834,0.001616
2021-06-17,38053.5,63.08,3.898,0.9821,0.001658
2021-06-18,35787.25,64.65,3.3837,0.9832,0.001806
2021-06-21,31676.69,58.37,2.9204,0.9912,0.001843
2021-06-22,32505.66,55.37,3.1256,0.991,0.001703
2021-06-23,33723.03,55.3,3.1294,0.991,0.00164
2021-06-24,34662.44,58.19,3.2561,0.9913,0.001679
2021-06-25,31637.78,55.01,2.5839,0.9929,0.001739
2021-06-28,34434.34,62.42,2.9099,0.9962,0.001813
2021-06-29,35867.78,66.9,3.1115,0.9968,0.001865
2021-06-30,35040.84,66.45,2.9244,0.9969,0.001896
2021-07-01,33572.12,65.09,2.8386,0.9977,0.001939
2021-07-02,33897.05,63.56,2.9048,0.9977,0.001875
2021-07-06,34235.2,63.43,3.0725,0.9971,0.001853
2021-07-07,33855.33,63.99,3.0087,0.9972,0.00189
2021-07-08,32877.37,61.84,2.69,0.9965,0.001881
2021-07-09,33798.01,62.87,2.6114,0.9957,0.00186
2021-07-12,33155.85,58.87,2.5588,0.9959,0.001776
2021-07-13,32702.03,57.99,2.4391,0.9959,0.001773
2021-07-14,32822.35,56.04,2.5102,0.9957,0.001707
2021-07-15,31780.73,54.1,2.4197,0.9963,0.001702
2021-07-16,31421.54,52.31,2.4225,0.9963,0.001665
2021-07-19,30817.83,49.87,2.2057,0.9957,0.001618
2021-07-20,29807.35,50.18,2.0635,0.9963,0.001683
2021-07-21,32110.69,55.69,2.278,0.9988,0.001734
2021-07-22,32313.11,55.59,2.2783,0.9988,0.00172
2021-07-23,33581.55,53.97,2.2897,0.999,0.001607
2021-07-26,37337.54,68.25,2.6159,1.0042,0.001828
2021-07-27,39406.94,63.06,2.858,1.0054,0.0016
2021-07-28,39995.91,64.67,2.8785,1.0054,0.001617
2021-07-29,40008.42,62.5,2.9448,1.0052,0.001562
2021-07-30,42235.55,62.6,3.3843,1.0049,0.001482
2021-08-02,39201.95,63.78,3.0799,1.008,0.001627
2021-08-03,38152.98,62.51,2.9388,1.0084,0.001638
2021-08-04,39747.5,67.09,3.1188,1.0091,0.001688
2021-08-05,40869.55,71.56,3.375,1.0087,0.001751
2021-08-06,42816.5,74.87,3.8542,1.0077,0.001749
2021-08-09,46365.4,76.77,4.2781,1.0105,0.001656
2021-08-10,45585.03,75.05,4.2563,1.0106,0.001646
2021-08-11,45593.64,74.75,4.1404,1.0104,0.001639
2021-08-12,44428.29,72.1,4.0557,1.0108,0.001623
2021-08-13,47793.32,72.8,4.4588,1.0131,0.001523
2021-08-16,46004.48,69.75,4.0673,1.0135,0.001516
2021-08-17,44695.36,66.37,3.8994,1.014,0.001485
2021-08-18,44801.19,65.5,4.6541,1.0035,0.001462
2021-08-19,46717.58,67.63,4.9063,1.0042,0.001448
2021-08-20,49339.18,71.66,5.2364,1.0054,0.001452
2021-08-23,49546.15,71.85,8.9675,0.8882,0.00145
2021-08-24,47706.12,71.55,7.5745,0.8829,0.0015
2021-08-25,48960.79,72.67,8.7639,0.8762,0.001484
2021-08-26,46942.22,69.37,7.9831,0.8769,0.001478
2021-08-27,49058.67,70.72,8.3651,0.8777,0.001442
2021-08-30,47054.98,70.3,6.6003,0.864,0.001494
2021-08-31,47166.69,69.43,6.609,0.864,0.001472
2021-09-01,48847.03,70.25,6.6129,0.864,0.001438
2021-09-02,49327.72,69.57,6.3243,0.863,0.00141
2021-09-03,50025.38,71.23,6.4876,0.8629,0.001424
2021-09-07,46811.13,64.8,5.9696,0.8659,0.001384
2021-09-08,46091.39,63.86,6.1241,0.8651,0.001386
2021-09-09,46391.42,64.06,6.215,0.865,0.001381
2021-09-10,44883.91,61.56,5.971,0.8658,0.001371
2021-09-13,44963.07,64.27,5.8056,0.8656,0.001429
2021-09-14,47092.49,61.85,5.9319,0.8663,0.001313
2021-09-15,48176.35,63.3,6.1548,0.8663,0.001314
2021-09-16,47783.36,63.3,5.5711,0.8635,0.001325
2021-09-17,47267.52,61.43,5.5865,0.8634,0.0013
2021-09-20,42843.8,58.84,4.8417,0.8694,0.001373
2021-09-21,40693.68,58.1,4.5729,0.8712,0.001428
2021-09-22,43574.51,59.96,5.3659,0.8707,0.001376
2021-09-23,44895.1,61.66,5.5613,0.8711,0.001373
2021-09-24,42839.75,59.94,5.4497,0.8719,0.001399
2021-09-27,42235.73,59.47,4.9346,0.8698,0.001408
2021-09-28,41034.54,57.35,4.7826,0.8704,0.001398
2021-09-29,41564.36,56.63,5.0396,0.8697,0.001363
2021-09-30,43790.89,57.84,5.3647,0.871,0.001321
2021-10-01,48116.94,61.25,5.7606,0.8751,0.001273
2021-10-04,49112.9,60.72,5.6103,0.8744,0.001236
2021-10-05,51514.81,65.1,5.8223,0.8754,0.001264
2021-10-06,55361.45,67.38,6.1016,0.8775,0.001217
2021-10-07,53805.98,69.28,5.892,0.8781,0.001288
2021-10-08,53967.85,70.88,5.132,0.8706,0.001313
2021-10-11,57484.79,73.18,5.6391,0.8723,0.001273
2021-10-12,56041.06,71.07,5.3218,0.8726,0.001268
2021-10-13,57401.1,72.63,5.4404,0.8728,0.001265
2021-10-14,57321.52,72.39,5.3669,0.8728,0.001263
2021-10-15,61593.95,74.99,5.6453,0.8751,0.001217
2021-10-18,62026.08,73.96,5.2328,0.8726,0.001192
2021-10-19,64261.99,72.72,5.5289,0.8729,0.001132
2021-10-20,65992.84,75.82,6.672,0.8619,0.001149
2021-10-21,62210.17,73.54,6.0657,0.8641,0.001182
2021-10-22,60692.27,71.85,5.5472,0.8634,0.001184
2021-10-25,63039.82,74.6,5.4764,0.8629,0.001183
2021-10-26,60363.79,73.49,5.4711,0.8629,0.001217
2021-10-27,58482.39,71.5,5.0126,0.8629,0.001223
2021-10-28,60622.14,71.71,5.2311,0.8635,0.001183
2021-10-29,62227.96,71.51,5.5345,0.8633,0.001149
2021-11-01,61004.41,73.61,5.7172,0.8621,0.001207
2021-11-02,63226.4,79.41,5.8855,0.8626,0.001256
2021-11-03,62970.05,81.03,6.1273,0.8615,0.001287
2021-11-04,61452.23,80.0,5.6934,0.8614,0.001302
2021-11-05,61125.68,79.75,5.4169,0.8609,0.001305
2021-11-08,67566.83,86.0,6.1582,0.866,0.001273
2021-11-09,66971.83,85.9,5.587,0.8633,0.001283
2021-11-10,64995.23,81.63,5.8202,0.8612,0.001256
2021-11-11,64949.96,81.84,5.7259,0.8612,0.00126
2021-11-12,64155.94,81.17,5.5461,0.8613,0.001265
2021-11-15,63557.87,79.5,5.5757,0.8612,0.001251
2021-11-16,60161.25,75.2,5.1568,0.8633,0.00125
2021-11-17,60368.01,75.3,5.1627,0.8633,0.001247
2021-11-18,56942.14,72.74,4.7692,0.8656,0.001277
2021-11-19,58119.58,71.83,5.2348,0.8635,0.001236
2021-11-22,56289.29,69.0,4.9372,0.8642,0.001226
2021-11-23,57569.07,69.68,5.0915,0.8644,0.00121
2021-11-24,56280.43,70.09,4.9006,0.8648,0.001245
2021-11-26,53569.77,66.3,4.6507,0.8664,0.001238
2021-11-29,57806.57,69.55,5.1419,0.8693,0.001203
2021-11-30,57005.43,72.14,5.1375,0.8693,0.001266
2021-12-01,57229.83,70.55,4.9313,0.8687,0.001233
2021-12-02,56477.82,68.34,4.865,0.8688,0.00121
2021-12-03,53598.25,63.1,4.7548,0.8699,0.001177
2021-12-06,50582.62,59.65,4.4596,0.8721,0.001179
2021-12-07,50700.09,62.82,4.5332,0.8719,0.001239
2021-12-08,50504.8,63.65,4.4951,0.872,0.00126
2021-12-09,47672.12,59.19,4.2169,0.8741,0.001242
2021-12-10,47243.3,60.08,4.1194,0.8742,0.001272
2021-12-13,46737.48,57.16,4.1228,0.8742,0.001223
2021-12-14,46612.63,58.04,3.9718,0.874,0.001245
2021-12-15,48896.72,59.86,4.2848,0.8749,0.001224
2021-12-16,47665.43,56.69,4.0556,0.8753,0.001189
2021-12-17,46202.14,57.16,3.9798,0.8757,0.001237
2021-12-20,46880.28,54.64,4.0524,0.8758,0.001166
2021-12-21,48936.61,56.75,4.2941,0.8766,0.00116
2021-12-22,48628.51,57.0,4.261,0.8766,0.001172
2021-12-23,50784.54,59.72,4.5244,0.8774,0.001176
2021-12-27,50640.42,60.83,4.5452,0.8774,0.001201
2021-12-28,47588.86,56.8,4.2002,0.8799,0.001193
2021-12-29,46444.71,55.61,4.068,0.8804,0.001197
2021-12-30,47178.12,56.23,4.0324,0.8803,0.001192
2021-12-31,46306.45,54.45,3.8614,0.8805,0.001176
2022-01-03,46458.12,55.83,3.8489,0.8805,0.001202
2022-01-04,45897.57,55.11,3.8126,0.8806,0.001201
2022-01-05,43569.0,50.91,2.9641,0.8716,0.001168
2022-01-06,43160.93,49.86,2.9551,0.8716,0.001155
2022-01-07,41557.9,48.29,2.7438,0.8725,0.001162
2022-01-10,41821.26,48.19,2.7639,0.8725,0.001152
2022-01-11,42735.86,50.66,2.7741,0.8725,0.001185
2022-01-12,43949.1,51.46,2.9079,0.8728,0.001171
2022-01-13,42591.57,48.96,2.8008,0.8735,0.001149
2022-01-14,43099.7,49.96,2.669,0.8724,0.001159
2022-01-18,42375.63,46.83,2.5973,0.8727,0.001105
2022-01-19,41744.33,46.04,2.5982,0.8727,0.001103
2022-01-20,40680.42,45.75,2.4248,0.8729,0.001125
2022-01-21,36457.32,37.59,2.1951,0.8791,0.001031
2022-01-24,36654.33,37.04,2.164,0.8791,0.001011
2022-01-25,36954.0,36.51,2.1359,0.879,0.000988
2022-01-26,36852.12,35.37,2.1313,0.879,0.00096
2022-01-27,37138.23,31.94,2.0306,0.8782,0.00086
2022-01-28,37784.33,33.9,2.151,0.8779,0.000897
2022-01-31,38483.12,36.8,2.2729,0.8778,0.000956
2022-02-01,38743.27,37.3,2.2617,0.8778,0.000963
2022-02-02,36952.98,34.88,2.1877,0.8788,0.000944
2022-02-03,37154.6,34.01,2.1555,0.8787,0.000915
2022-02-04,41500.88,39.16,2.6513,0.8844,0.000944
2022-02-07,43840.29,41.35,2.8161,0.8859,0.000943
2022-02-08,44118.45,42.54,2.8962,0.8857,0.000964
2022-02-09,44338.8,44.66,2.8414,0.8855,0.001007
2022-02-10,43565.11,43.15,2.7296,0.8858,0.00099
2022-02-11,42407.94,41.1,2.5427,0.886,0.000969
2022-02-14,42586.92,40.95,2.7311,0.8845,0.000962
2022-02-15,44575.2,43.72,3.3508,0.8784,0.000981
2022-02-16,43961.86,43.5,3.1821,0.8783,0.000989
2022-02-17,40538.01,40.46,3.0012,0.8815,0.000998
2022-02-18,40030.98,39.6,2.9084,0.8816,0.000989
2022-02-22,38286.03,37.77,2.6944,0.8829,0.000987
2022-02-23,37296.57,36.5,2.5859,0.8834,0.000979
2022-02-24,38332.61,39.7,2.5889,0.8834,0.001036
2022-02-25,39214.22,40.5,2.632,0.8836,0.001033
2022-02-28,43193.23,44.3,2.9356,0.8884,0.001026
2022-03-01,44354.64,46.47,3.051,0.8887,0.001048
2022-03-02,43924.12,45.93,3.0133,0.8888,0.001046
2022-03-03,42451.79,42.87,3.0576,0.8882,0.00101
2022-03-04,39137.61,41.04,2.7138,0.8923,0.001049
2022-03-07,38062.04,38.89,2.7148,0.8923,0.001022
2022-03-08,38737.27,41.04,2.6001,0.8913,0.001059
2022-03-09,41982.93,43.67,2.9263,0.8945,0.00104
2022-03-10,39437.46,42.11,2.6824,0.897,0.001068
2022-03-11,38794.97,39.08,2.5773,0.8971,0.001007
2022-03-14,39666.75,36.99,2.6781,0.8973,0.000933
2022-03-15,39338.79,39.61,2.7044,0.8972,0.001007
2022-03-16,41143.93,42.88,2.8903,0.8981,0.001042
2022-03-17,40951.38,43.41,2.7941,0.898,0.00106
2022-03-18,41801.16,45.43,2.9419,0.8979,0.001087
2022-03-21,41078.0,43.65,2.8502,0.8981,0.001063
2022-03-22,42358.81,45.99,2.8805,0.8983,0.001086
2022-03-23,42892.96,45.07,2.8766,0.8983,0.001051
2022-03-24,43960.93,48.39,2.8044,0.8977,0.001101
2022-03-25,44348.73,47.24,2.8814,0.8976,0.001065
2022-03-28,47128.0,51.0,3.1234,0.8994,0.001082
2022-03-29,47465.73,52.0,3.1291,0.8994,0.001096
2022-03-30,47062.66,50.07,3.1567,0.8993,0.001064
2022-03-31,45538.68,48.63,2.8783,0.8994,0.001068
2022-04-01,46281.64,49.1,2.8839,0.8994,0.001061
2022-04-04,46622.68,50.13,2.6357,0.8967,0.001075
2022-04-05,45555.99,48.73,2.5135,0.8971,0.00107
2022-04-06,43206.74,45.51,2.3412,0.8988,0.001053
2022-04-07,43503.85,46.36,2.3272,0.8988,0.001066
2022-04-08,42287.66,45.32,2.097,0.8985,0.001072
2022-04-11,39521.9,43.64,1.978,0.9007,0.001104
2022-04-12,40127.18,44.35,1.9861,0.9007,0.001105
2022-04-13,41166.73,46.36,2.0389,0.901,0.001126
2022-04-14,39935.52,44.92,1.9472,0.9016,0.001125
2022-04-18,40826.21,44.59,1.9265,0.9014,0.001092
2022-04-19,41502.75,47.11,1.9364,0.9015,0.001135
2022-04-20,41374.38,44.9,1.6556,0.8965,0.001085
2022-04-21,40527.36,42.79,1.6036,0.8968,0.001056
2022-04-22,39740.32,40.91,1.5919,0.8969,0.001029
2022-04-25,40458.31,42.8,1.6459,0.897,0.001058
2022-04-26,38117.46,39.1,1.4277,0.8989,0.001026
2022-04-27,39241.12,38.58,1.4109,0.8986,0.000983
2022-04-28,39773.83,40.05,1.4374,0.8987,0.001007
2022-04-29,38609.82,35.42,1.3097,0.899,0.000917
2022-05-02,38529.33,36.59,1.1835,0.8975,0.00095
2022-05-03,37750.45,34.34,1.1203,0.8978,0.00091
2022-05-04,39698.37,36.64,1.2281,0.8991,0.000923
2022-05-05,36575.14,31.45,0.9642,0.902,0.00086
2022-05-06,36040.92,29.42,0.9626,0.902,0.000816
2022-05-09,30296.95,21.91,0.5856,0.9181,0.000723
2022-05-10,31022.91,22.55,0.6561,0.9182,0.000727
2022-05-11,28936.36,16.82,0.6914,0.9163,0.000581
2022-05-12,29047.75,17.12,0.4801,0.9061,0.000589
2022-05-13,29283.1,20.46,0.5574,0.9051,0.000699
2022-05-16,29862.92,20.15,0.5553,0.905,0.000675
2022-05-17,30425.86,22.49,0.5647,0.9051,0.000739
2022-05-18,28720.27,19.74,0.5359,0.9061,0.000687
2022-05-19,30314.33,21.08,0.5796,0.9073,0.000695
2022-05-20,29200.74,20.27,0.5938,0.9069,0.000694
2022-05-23,29098.91,20.44,0.5683,0.9069,0.000702
2022-05-24,29655.59,19.3,0.6236,0.9069,0.000651
2022-05-25,29562.36,19.81,0.637,0.9068,0.00067
2022-05-26,29267.22,21.61,0.5206,0.9047,0.000738
2022-05-27,28627.57,21.94,0.4744,0.905,0.000766
2022-05-31,31792.31,26.47,0.4919,0.9062,0.000833
2022-06-01,29799.08,23.81,0.3067,0.9062,0.000799
2022-06-02,30467.49,24.45,0.3168,0.9063,0.000802
2022-06-03,29704.39,22.72,0.3026,0.9066,0.000765
2022-06-06,31370.67,23.54,0.319,0.9072,0.000751
2022-06-07,31155.48,24.0,0.3405,0.9069,0.00077
2022-06-08,30214.36,23.29,0.2729,0.9073,0.000771
2022-06-09,30112.0,21.78,0.1118,0.8977,0.000723
2022-06-10,29083.8,20.34,0.0629,0.8983,0.000699
2022-06-13,22487.39,15.22,-0.2203,0.9329,0.000677
2022-06-14,22206.79,15.69,-0.2343,0.933,0.000706
2022-06-15,22572.84,17.13,-0.294,0.9279,0.000759
2022-06-16,20381.65,16.13,-0.4004,0.9313,0.000792
2022-06-17,20471.48,16.76,-0.4441,0.9277,0.000819
2022-06-21,20710.6,17.9,-0.474,0.9253,0.000864
2022-06-22,19987.03,17.09,-0.5101,0.9251,0.000855
2022-06-23,21085.88,18.83,-0.4071,0.9168,0.000893
2022-06-24,21231.66,20.54,-0.3741,0.9157,0.000968
2022-06-27,20735.48,19.67,-0.4443,0.9108,0.000949
2022-06-28,20280.63,18.61,-0.4825,0.9096,0.000918
2022-06-29,20104.02,17.97,-0.4541,0.9076,0.000894
2022-06-30,19784.73,16.43,-0.4515,0.9076,0.00083
2022-07-01,19269.37,16.68,-0.4579,0.9078,0.000865
2022-07-05,20190.12,18.77,-0.345,0.898,0.00093
2022-07-06,20548.25,18.83,-0.3774,0.8955,0.000916
2022-07-07,21637.59,21.95,-0.3315,0.8969,0.001014
2022-07-08,21731.12,22.13,-0.3328,0.8969,0.001018
2022-07-11,19970.56,20.09,-0.3438,0.8983,0.001006
2022-07-12,19323.91,19.25,-0.4226,0.8936,0.000996
2022-07-13,20212.07,19.56,-0.411,0.8945,0.000967
2022-07-14,20569.92,20.46,-0.3867,0.8944,0.000995
2022-07-15,20836.33,21.4,-0.4132,0.8926,0.001027
2022-07-18,22485.69,22.56,-0.3999,0.8943,0.001003
2022-07-19,23389.43,26.72,-0.3666,0.8951,0.001142
2022-07-20,23231.73,28.88,-0.391,0.8945,0.001243
2022-07-21,23164.63,28.97,-0.4986,0.8733,0.001251
2022-07-22,22714.98,28.19,-0.5113,0.8734,0.001241
2022-07-25,21361.7,26.59,-0.5244,0.8749,0.001245
2022-07-26,21239.75,23.76,-0.5567,0.8723,0.001119
2022-07-27,22930.55,26.24,-0.5173,0.8759,0.001144
2022-07-28,23843.89,27.57,-0.5154,0.876,0.001156
2022-07-29,23804.63,28.61,-0.5435,0.874,0.001202
2022-08-01,23314.2,27.57,-0.5489,0.8741,0.001183
2022-08-02,22978.12,27.83,-0.5889,0.8705,0.001211
2022-08-03,22846.51,31.37,-0.5785,0.87,0.001373
2022-08-04,22630.96,30.93,-0.5365,0.864,0.001367
2022-08-05,23289.31,31.92,-0.5315,0.8643,0.00137
2022-08-08,23809.49,33.0,-0.4944,0.8631,0.001386
2022-08-09,23164.32,31.94,-0.5001,0.8634,0.001379
2022-08-10,23947.64,33.58,-0.5175,0.8612,0.001402
2022-08-11,23957.53,33.7,-0.5048,0.8609,0.001407
2022-08-12,24402.82,35.28,-0.5171,0.8599,0.001446
2022-08-15,24136.97,34.91,-0.503,0.8591,0.001446
2022-08-16,23883.29,34.26,-0.5119,0.8591,0.001435
2022-08-17,23336.0,32.52,-0.5533,0.8567,0.001394
2022-08-18,23212.74,32.44,-0.5766,0.8552,0.001397
2022-08-19,20877.55,28.3,-0.6272,0.8611,0.001356
2022-08-22,21398.91,26.81,-0.6298,0.8609,0.001253
2022-08-23,21528.09,26.58,-0.6245,0.8609,0.001235
2022-08-24,21395.02,27.44,-0.6173,0.8606,0.001283
2022-08-25,21600.9,27.28,-0.6197,0.8605,0.001263
2022-08-26,20260.02,24.92,-0.6559,0.8618,0.00123
2022-08-29,20297.99,24.5,-0.6492,0.8617,0.001207
2022-08-30,19796.81,24.02,-0.6607,0.8619,0.001213
2022-08-31,20049.76,23.16,-0.6323,0.8596,0.001155
2022-09-01,20127.14,22.09,-0.6323,0.8596,0.001098
2022-09-02,19969.77,21.81,-0.6216,0.8589,0.001092
2022-09-06,18837.67,20.42,-0.6357,0.8606,0.001084
2022-09-07,19290.32,21.86,-0.6501,0.8584,0.001133
2022-09-08,19329.83,23.45,-0.6653,0.8569,0.001213
2022-09-09,21381.15,26.2,-0.6371,0.8629,0.001225
2022-09-12,22370.45,26.3,-0.6203,0.8642,0.001176
2022-09-13,20296.71,23.12,-0.6565,0.8694,0.001139
2022-09-14,20241.09,22.6,-0.6573,0.8694,0.001116
2022-09-15,19701.21,21.69,-0.6614,0.8696,0.001101
2022-09-16,19772.58,20.63,-0.6472,0.869,0.001044
2022-09-19,19544.13,20.62,-0.6649,0.868,0.001055
2022-09-20,18890.79,19.66,-0.6757,0.8685,0.001041
2022-09-21,18547.4,19.59,-0.6903,0.8681,0.001056
2022-09-22,19413.55,19.23,-0.6943,0.8673,0.000991
2022-09-23,19297.64,19.15,-0.6942,0.8673,0.000992
2022-09-26,19222.67,20.02,-0.6964,0.8672,0.001041
2022-09-27,19110.55,20.61,-0.6896,0.8669,0.001078
2022-09-28,19426.72,22.05,-0.6514,0.8617,0.001135
2022-09-29,19573.05,21.18,-0.6534,0.8616,0.001082
2022-09-30,19431.79,21.23,-0.6395,0.8605,0.001092
2022-10-03,19623.58,22.45,-0.6209,0.8598,0.001144
2022-10-04,20336.84,24.87,-0.602,0.8605,0.001223
2022-10-05,20160.72,24.22,-0.6268,0.8586,0.001201
2022-10-06,19955.44,24.17,-0.6374,0.8584,0.001211
2022-10-07,19546.85,22.03,-0.6435,0.8585,0.001127
2022-10-10,19141.48,22.07,-0.6426,0.8585,0.001153
2022-10-11,19051.42,21.64,-0.6701,0.8549,0.001136
2022-10-12,19157.45,21.84,-0.6651,0.8549,0.00114
2022-10-13,19382.9,22.05,-0.6366,0.8524,0.001138
2022-10-14,19185.66,20.93,-0.6659,0.8489,0.001091
2022-10-17,19550.76,22.11,-0.6533,0.8491,0.001131
2022-10-18,19334.42,23.5,-0.6629,0.8489,0.001215
2022-10-19,19139.54,22.61,-0.6574,0.8486,0.001181
2022-10-20,19053.74,22.1,-0.664,0.8484,0.00116
2022-10-21,19172.47,23.26,-0.6099,0.8368,0.001213
2022-10-24,19345.57,23.76,-0.6109,0.8367,0.001228
2022-10-25,20095.86,26.87,-0.5971,0.8377,0.001337
2022-10-26,20770.44,27.27,-0.5229,0.8277,0.001313
2022-10-27,20285.84,27.06,-0.5272,0.8279,0.001334
2022-10-28,20595.35,28.0,-0.4434,0.815,0.001359
2022-10-31,20495.77,26.75,-0.4974,0.8089,0.001305
2022-11-01,20485.27,25.72,-0.4509,0.8042,0.001256
2022-11-02,20159.5,24.82,-0.4792,0.8034,0.001231
2022-11-03,20209.99,24.84,-0.4737,0.8034,0.001229
2022-11-04,21147.23,27.71,-0.4618,0.8044,0.00131
2022-11-07,20602.82,26.66,-0.464,0.8045,0.001294
2022-11-08,18541.27,21.18,-0.4806,0.8079,0.001143
2022-11-09,15880.78,17.04,-0.5671,0.8218,0.001073
2022-11-10,17586.77,17.5,-0.532,0.828,0.000995
2022-11-11,17034.29,17.52,-0.5655,0.8273,0.001028
2022-11-14,16618.2,16.59,-0.5496,0.8255,0.000998
2022-11-15,16884.61,17.15,-0.4969,0.8205,0.001016
2022-11-16,16669.44,16.94,-0.502,0.8205,0.001016
2022-11-17,16687.52,17.39,-0.5532,0.8129,0.001042
2022-11-18,16697.78,17.01,-0.5451,0.8128,0.001019
2022-11-21,15787.28,15.72,-0.5771,0.8143,0.000996
2022-11-22,16189.77,16.71,-0.5975,0.8112,0.001032
2022-11-23,16610.71,17.64,-0.5889,0.8116,0.001062
2022-11-25,16521.84,18.3,-0.5691,0.8101,0.001108
2022-11-28,16217.32,17.67,-0.5738,0.8102,0.001089
2022-11-29,16444.98,18.2,-0.5405,0.8082,0.001107
2022-11-30,17168.57,19.81,-0.458,0.8005,0.001154
2022-12-01,16967.13,19.9,-0.478,0.8001,0.001173
2022-12-02,17088.66,20.69,-0.4933,0.7992,0.001211
2022-12-05,16974.83,19.57,-0.5103,0.7987,0.001153
2022-12-06,17089.5,19.55,-0.4598,0.7937,0.001144
2022-12-07,16848.13,19.35,-0.5107,0.789,0.001148
2022-12-08,17233.47,20.26,-0.5195,0.7882,0.001175
2022-12-09,17133.15,20.33,-0.5111,0.788,0.001186
2022-12-12,17206.44,19.62,-0.4875,0.7869,0.00114
2022-12-13,17781.32,20.18,-0.4754,0.7876,0.001135
2022-12-14,17815.65,20.27,-0.4796,0.7875,0.001138
2022-12-15,17364.87,18.8,-0.4871,0.7878,0.001083
2022-12-16,16647.48,17.38,-0.4936,0.7884,0.001044
2022-12-19,16439.68,17.02,-0.5136,0.7879,0.001035
2022-12-20,16906.3,16.89,-0.4901,0.7883,0.000999
2022-12-21,16817.54,16.88,-0.4857,0.7882,0.001004
2022-12-22,16830.34,16.62,-0.4872,0.7882,0.000988
2022-12-23,16796.95,16.27,-0.4715,0.7876,0.000968
2022-12-27,16717.17,14.77,-0.468,0.7875,0.000884
2022-12-28,16552.57,13.81,-0.4629,0.7874,0.000834
2022-12-29,16642.34,13.66,-0.4417,0.7868,0.000821
2022-12-30,16602.59,14.16,-0.483,0.7831,0.000853
2023-01-03,16679.86,14.5,-0.4838,0.7831,0.000869
2023-01-04,16863.24,16.51,-0.4978,0.7821,0.000979
2023-01-05,16836.74,15.66,-0.5491,0.7746,0.00093
2023-01-06,16951.97,16.05,-0.5698,0.7726,0.000946
2023-01-09,17196.55,17.5,-0.57,0.7726,0.001018
2023-01-10,17446.29,19.0,-0.5639,0.7728,0.001089
2023-01-11,17934.9,19.48,-0.5754,0.7713,0.001086
2023-01-12,18869.59,21.02,-0.5187,0.7697,0.001114
2023-01-13,19909.57,21.7,-0.4782,0.7713,0.00109
2023-01-17,21161.52,23.59,-0.4676,0.7727,0.001115
2023-01-18,20688.78,22.12,-0.4938,0.7724,0.001069
2023-01-19,21086.79,22.15,-0.5075,0.7711,0.00105
2023-01-20,22676.55,24.0,-0.5109,0.7704,0.001058
2023-01-23,22934.43,25.02,-0.4969,0.7704,0.001091
2023-01-24,22636.47,24.75,-0.5035,0.7705,0.001093
2023-01-25,23117.86,24.58,-0.4797,0.7704,0.001063
2023-01-26,23032.78,24.53,-0.5181,0.7668,0.001065
2023-01-27,23078.73,25.84,-0.4983,0.7659,0.001119
2023-01-30,22840.14,24.57,-0.489,0.7655,0.001076
2023-01-31,23139.28,25.17,-0.4835,0.7656,0.001088
2023-02-01,23723.77,26.79,-0.4922,0.7649,0.001129
2023-02-02,23471.87,29.21,-0.5243,0.7628,0.001245
2023-02-03,23449.32,28.48,-0.5267,0.7628,0.001214
2023-02-06,22760.11,28.2,-0.5229,0.7625,0.001239
2023-02-07,23264.29,28.39,-0.5248,0.7623,0.00122
2023-02-08,22939.4,27.6,-0.5113,0.7614,0.001203
2023-02-09,21819.04,24.9,-0.5552,0.7615,0.001141
2023-02-10,21651.18,24.34,-0.5399,0.7605,0.001124
2023-02-13,21808.1,24.92,-0.5376,0.7605,0.001143
2023-02-14,22220.8,27.11,-0.5451,0.7599,0.00122
2023-02-15,24307.84,29.84,-0.5072,0.7653,0.001228
2023-02-16,23623.47,28.4,-0.5278,0.7656,0.001202
2023-02-17,24565.6,29.41,-0.4752,0.764,0.001197
2023-02-21,24436.35,26.99,-0.4698,0.7639,0.001105
2023-02-22,24188.84,26.86,-0.4786,0.7639,0.00111
2023-02-23,23947.49,26.58,-0.4665,0.7633,0.00111
2023-02-24,23198.13,25.58,-0.4841,0.7639,0.001103
2023-02-27,23522.87,25.86,-0.5005,0.7625,0.0011
2023-02-28,23147.35,26.23,-0.5195,0.7622,0.001133
2023-03-01,23646.55,25.79,-0.5051,0.7626,0.001091
2023-03-02,23475.47,25.29,-0.5033,0.7625,0.001077
2023-03-03,22362.68,24.69,-0.478,0.7578,0.001104
2023-03-06,22429.76,23.75,-0.4488,0.7562,0.001059
2023-03-07,22219.77,23.14,-0.4901,0.753,0.001042
2023-03-08,21718.08,23.27,-0.5162,0.7526,0.001072
2023-03-09,20363.02,21.08,-0.5247,0.7539,0.001035
2023-03-10,20187.24,19.2,-0.522,0.7538,0.000951
2023-03-13,24197.53,22.32,-0.4103,0.7753,0.000922
2023-03-14,24746.07,22.95,-0.4046,0.7755,0.000927
2023-03-15,24375.96,22.75,-0.4434,0.7737,0.000934
2023-03-16,25052.79,24.11,-0.4793,0.7683,0.000962
2023-03-17,27423.93,26.77,-0.4416,0.7735,0.000976
2023-03-20,27767.24,26.4,-0.461,0.7721,0.000951
2023-03-21,28175.82,27.34,-0.4911,0.7687,0.00097
2023-03-22,27307.44,24.69,-0.4925,0.7688,0.000904
2023-03-23,28333.97,26.33,-0.475,0.7698,0.000929
2023-03-24,27493.29,25.67,-0.5217,0.7675,0.000934
2023-03-27,27139.89,23.9,-0.5157,0.7672,0.00088
2023-03-28,27268.13,24.83,-0.525,0.7668,0.00091
2023-03-29,28348.44,28.4,-0.5054,0.7679,0.001002
2023-03-30,28033.56,27.92,-0.5449,0.7644,0.000996
2023-03-31,28478.48,29.23,-0.5409,0.7645,0.001026
2023-04-03,27790.22,29.74,-0.5675,0.7639,0.00107
2023-04-04,28168.09,29.9,-0.5732,0.7636,0.001061
2023-04-05,28177.98,29.08,-0.5471,0.7614,0.001032
2023-04-06,28044.14,29.01,-0.5379,0.7611,0.001034
2023-04-10,29652.98,31.28,-0.5296,0.7623,0.001055
2023-04-11,30235.06,33.24,-0.4991,0.7614,0.001099
2023-04-12,30139.05,32.28,-0.4846,0.7609,0.001071
2023-04-13,30399.07,34.07,-0.4985,0.76,0.001121
2023-04-14,30485.7,33.38,-0.5101,0.7595,0.001095
2023-04-17,29445.04,31.3,-0.5173,0.76,0.001063
2023-04-18,30397.55,32.99,-0.5192,0.7598,0.001085
2023-04-19,28822.68,31.47,-0.5423,0.7615,0.001092
2023-04-20,28245.99,29.47,-0.5404,0.7614,0.001043
2023-04-21,27276.91,29.1,-0.5538,0.7621,0.001067
2023-04-24,27525.34,28.53,-0.5926,0.7552,0.001037
2023-04-25,28307.6,29.09,-0.5773,0.7558,0.001028
2023-04-26,28422.7,29.95,-0.5627,0.7553,0.001054
2023-04-27,29473.79,31.86,-0.5462,0.7563,0.001081
2023-04-28,29340.26,32.84,-0.5427,0.7563,0.001119
2023-05-01,28091.57,30.75,-0.558,0.7574,0.001095
2023-05-02,28680.54,32.8,-0.5233,0.7559,0.001144
2023-05-03,29006.31,30.42,-0.5195,0.756,0.001049
2023-05-04,28847.71,31.22,-0.4934,0.7538,0.001082
2023-05-05,29534.38,32.67,-0.4918,0.7539,0.001106
2023-05-08,27694.27,29.47,-0.508,0.7559,0.001064
2023-05-09,27658.78,30.34,-0.5196,0.7555,0.001097
2023-05-10,27621.76,31.51,-0.5092,0.7553,0.001141
2023-05-11,27000.79,28.74,-0.496,0.754,0.001064
2023-05-12,26804.99,27.1,-0.5363,0.75,0.001011
2023-05-15,27192.69,28.25,-0.523,0.7501,0.001039
2023-05-16,27036.65,27.34,-0.5276,0.7501,0.001011
2023-05-17,27398.8,29.06,-0.5149,0.7501,0.001061
2023-05-18,26832.21,28.76,-0.4994,0.7487,0.001072
2023-05-19,26890.13,28.83,-0.4684,0.7466,0.001072
2023-05-22,26851.28,29.41,-0.4704,0.7466,0.001095
2023-05-23,27225.73,28.93,-0.4609,0.7467,0.001063
2023-05-24,26334.82,28.44,-0.4476,0.7453,0.00108
2023-05-25,26476.21,28.1,-0.4396,0.7453,0.001061
2023-05-26,26719.29,28.51,-0.4283,0.7453,0.001067
2023-05-30,27702.35,29.93,-0.4057,0.7463,0.00108
2023-05-31,27219.66,30.16,-0.4433,0.7448,0.001108
2023-06-01,26819.97,29.99,-0.4373,0.7445,0.001118
2023-06-02,27249.59,30.21,-0.4102,0.7441,0.001109
2023-06-05,25760.1,27.64,-0.4505,0.746,0.001073
2023-06-06,27238.78,29.88,-0.4434,0.7469,0.001097
2023-06-07,26346.0,29.08,-0.4582,0.7475,0.001104
2023-06-08,26508.22,29.09,-0.478,0.7462,0.001098
2023-06-09,26480.38,28.23,-0.4771,0.7462,0.001066
2023-06-12,25902.5,27.77,-0.4557,0.744,0.001072
2023-06-13,25918.73,28.38,-0.4419,0.7437,0.001095
2023-06-14,25124.68,28.29,-0.4675,0.744,0.001126
2023-06-15,25576.39,27.79,-0.4477,0.7441,0.001087
2023-06-16,26327.46,29.34,-0.4333,0.7447,0.001114
2023-06-20,28327.49,31.34,-0.3828,0.7484,0.001106
2023-06-21,30027.3,33.13,-0.3108,0.749,0.001103
2023-06-22,29912.28,32.72,-0.307,0.749,0.001094
2023-06-23,30695.47,32.91,-0.2614,0.7485,0.001072
2023-06-26,30271.13,30.57,-0.2762,0.7486,0.00101
2023-06-27,30688.16,32.49,-0.2819,0.7484,0.001059
2023-06-28,30086.25,32.56,-0.3154,0.7481,0.001082
2023-06-29,30445.35,34.03,-0.2852,0.7476,0.001118
2023-06-30,30477.25,34.24,-0.2929,0.7475,0.001124
2023-07-03,31156.44,37.78,-0.2648,0.7477,0.001213
2023-07-05,30514.17,37.81,-0.269,0.7478,0.001239
2023-07-06,29909.34,37.65,-0.2648,0.7476,0.001259
2023-07-07,30342.27,38.07,-0.1677,0.7398,0.001255
2023-07-10,30414.47,40.77,-0.1702,0.7398,0.001341
2023-07-11,30620.95,41.23,-0.1714,0.7397,0.001346
2023-07-12,30391.65,41.35,-0.1753,0.7398,0.001361
2023-07-13,31476.05,46.18,-0.1525,0.7406,0.001467
2023-07-14,30334.07,45.89,-0.1972,0.7413,0.001513
2023-07-17,30145.89,44.99,-0.2166,0.741,0.001492
2023-07-18,29856.56,44.58,-0.2294,0.7411,0.001493
2023-07-19,29913.92,45.31,-0.1905,0.7396,0.001515
2023-07-20,29792.02,44.08,-0.1982,0.7396,0.00148
2023-07-21,29908.74,43.67,-0.2793,0.7311,0.00146
2023-07-24,29176.92,43.09,-0.3345,0.7294,0.001477
2023-07-25,29227.39,43.68,-0.3375,0.7293,0.001495
2023-07-26,29354.97,44.35,-0.3379,0.7293,0.001511
2023-07-27,29210.69,42.62,-0.3295,0.7292,0.001459
2023-07-28,29319.25,43.46,-0.3086,0.7287,0.001482
2023-07-31,29230.11,43.79,-0.3136,0.7287,0.001498
2023-08-01,29675.73,43.5,-0.3343,0.7274,0.001466
2023-08-02,29151.96,40.73,-0.3369,0.7275,0.001397
2023-08-03,29178.68,38.99,-0.2802,0.723,0.001336
2023-08-04,29074.09,37.7,-0.2737,0.7229,0.001297
2023-08-07,29180.58,37.08,-0.2378,0.7216,0.001271
2023-08-08,29765.49,38.95,-0.2019,0.7215,0.001308
2023-08-09,29561.49,37.78,-0.2288,0.721,0.001278
2023-08-10,29429.59,37.8,-0.2495,0.7206,0.001284
2023-08-11,29397.71,38.43,-0.3194,0.7139,0.001307
2023-08-14,29408.44,38.88,-0.337,0.7134,0.001322
2023-08-15,29170.35,37.62,-0.3359,0.7134,0.001289
2023-08-16,28701.78,36.97,-0.3239,0.7128,0.001288
2023-08-17,26664.55,34.68,-0.3187,0.7119,0.001301
2023-08-18,26049.56,32.86,-0.3156,0.7118,0.001262
2023-08-21,26124.14,33.53,-0.3256,0.7115,0.001283
2023-08-22,26031.66,32.95,-0.3799,0.7068,0.001266
2023-08-23,26431.64,34.64,-0.3298,0.7044,0.001311
2023-08-24,26162.37,33.66,-0.3256,0.7043,0.001286
2023-08-25,26047.67,33.6,-0.3433,0.7039,0.00129
2023-08-28,26106.15,34.44,-0.3364,0.7038,0.001319
2023-08-29,27727.39,38.15,-0.3261,0.705,0.001376
2023-08-30,27297.27,37.17,-0.3334,0.7052,0.001362
2023-08-31,25931.47,35.75,-0.3796,0.7066,0.001379
2023-09-01,25800.72,35.15,-0.3719,0.7064,0.001362
2023-09-05,25779.98,34.92,-0.3914,0.7057,0.001355
2023-09-06,25753.24,35.07,-0.3996,0.7056,0.001362
2023-09-07,26240.2,35.31,-0.4031,0.7054,0.001346
2023-09-08,25905.65,35.63,-0.4159,0.7054,0.001375
2023-09-11,25162.65,34.27,-0.4661,0.7032,0.001362
2023-09-12,25833.34,34.78,-0.4557,0.7037,0.001346
2023-09-13,26228.32,34.18,-0.4427,0.7038,0.001303
2023-09-14,26539.67,34.64,-0.4172,0.7033,0.001305
2023-09-15,26608.69,34.08,-0.4251,0.703,0.001281
2023-09-18,26754.28,34.06,-0.4262,0.703,0.001273
2023-09-19,27211.12,33.93,-0.4027,0.7029,0.001247
2023-09-20,27132.01,33.35,-0.372,0.701,0.001229
2023-09-21,26567.63,32.61,-0.3893,0.7013,0.001227
2023-09-22,26579.57,32.28,-0.3715,0.7007,0.001215
2023-09-25,26298.48,32.76,-0.3346,0.6976,0.001246
2023-09-26,26217.25,31.73,-0.3466,0.6974,0.00121
2023-09-27,26352.72,31.56,-0.3599,0.697,0.001198
2023-09-28,27021.55,32.89,-0.3234,0.6968,0.001217
2023-09-29,26911.72,32.83,-0.3408,0.6965,0.00122
2023-10-02,27530.79,32.95,-0.3367,0.6966,0.001197
2023-10-03,27429.98,31.13,-0.337,0.6967,0.001135
2023-10-04,27799.39,32.04,-0.3141,0.6965,0.001153
2023-10-05,27415.91,32.34,-0.3101,0.6964,0.00118
2023-10-06,27946.6,34.06,-0.3092,0.6964,0.001219
2023-10-09,27583.68,34.04,-0.2764,0.6941,0.001234
2023-10-10,27391.02,34.05,-0.302,0.6934,0.001243
2023-10-11,26873.32,33.46,-0.3243,0.6935,0.001245
2023-10-12,26756.8,32.36,-0.307,0.6929,0.001209
2023-10-13,26862.38,31.82,-0.3028,0.6929,0.001185
2023-10-16,28519.47,32.58,-0.2445,0.6953,0.001142
2023-10-17,28415.75,33.54,-0.2842,0.6935,0.00118
2023-10-18,28328.34,32.91,-0.2255,0.6887,0.001162
2023-10-19,28719.81,34.24,-0.2031,0.6887,0.001192
2023-10-20,29682.95,34.8,-0.0203,0.6673,0.001173
2023-10-23,33086.23,37.75,0.0665,0.6757,0.001141
2023-10-24,33901.53,42.49,0.1716,0.6725,0.001253
2023-10-25,34502.82,43.32,0.1878,0.6727,0.001256
2023-10-26,34156.65,41.35,0.1664,0.6727,0.00121
2023-10-27,33909.8,40.68,0.1355,0.6725,0.0012
2023-10-30,34502.36,42.02,0.134,0.6725,0.001218
2023-10-31,34667.78,42.34,0.2071,0.6699,0.001221
2023-11-01,35437.25,42.67,0.169,0.6681,0.001204
2023-11-02,34938.24,45.36,0.1965,0.6672,0.001298
2023-11-03,34732.32,45.4,0.1936,0.6672,0.001307
2023-11-06,35037.37,45.96,0.1815,0.667,0.001312
2023-11-07,35443.56,47.35,0.1989,0.6671,0.001336
2023-11-08,35655.28,47.45,0.2183,0.6671,0.001331
2023-11-09,36693.12,49.41,0.2817,0.6673,0.001346
2023-11-10,37313.97,50.92,0.1737,0.6592,0.001365
2023-11-13,36502.36,50.49,0.2249,0.6564,0.001383
2023-11-14,35537.64,48.0,0.1664,0.6566,0.001351
2023-11-15,37880.58,50.6,0.2753,0.6591,0.001336
2023-11-16,36154.77,48.91,0.1525,0.6586,0.001353
2023-11-17,36596.68,48.62,0.1746,0.6587,0.001329
2023-11-20,37476.96,50.85,0.2404,0.6583,0.001357
2023-11-21,35813.81,49.3,0.1894,0.6599,0.001377
2023-11-22,37432.34,50.79,0.2871,0.6604,0.001357
2023-11-24,37720.28,52.02,0.6774,0.6077,0.001379
2023-11-27,37254.17,49.54,0.6776,0.6077,0.00133
2023-11-28,37831.09,50.59,0.676,0.6077,0.001337
2023-11-29,37858.49,50.71,0.8575,0.5988,0.001339
2023-11-30,37712.75,49.83,0.8422,0.5988,0.001321
2023-12-01,38688.75,52.77,0.8681,0.5992,0.001364
2023-12-04,41980.1,56.32,1.1004,0.6033,0.001342
2023-12-05,44080.65,57.75,1.0905,0.6029,0.00131
2023-12-06,43746.45,56.89,1.0604,0.603,0.0013
2023-12-07,43292.66,57.11,1.0879,0.6026,0.001319
2023-12-08,44166.6,59.94,1.1778,0.6023,0.001357
2023-12-11,41243.83,55.58,1.0515,0.6064,0.001348
2023-12-12,41450.22,55.83,1.0951,0.6061,0.001347
2023-12-13,42890.74,58.6,1.2259,0.6063,0.001366
2023-12-14,43023.97,58.24,1.1309,0.6046,0.001354
2023-12-15,41929.76,57.04,1.0406,0.6051,0.00136
2023-12-18,42623.54,57.19,0.9699,0.6032,0.001342
2023-12-19,42270.53,57.13,0.9452,0.6033,0.001352
2023-12-20,43652.25,57.35,1.1858,0.5978,0.001314
2023-12-21,43869.15,58.19,1.2702,0.5968,0.001327
2023-12-22,43997.9,61.92,1.1768,0.5952,0.001407
2023-12-26,42520.4,60.39,1.0671,0.5961,0.00142
2023-12-27,43442.86,67.07,1.085,0.5964,0.001544
2023-12-28,42627.86,66.79,0.8958,0.5921,0.001567
2023-12-29,42099.4,63.16,0.7999,0.591,0.0015
2024-01-02,44957.97,68.51,0.9352,0.5944,0.001524
2024-01-03,42848.18,63.11,0.8497,0.5965,0.001473
2024-01-04,44179.92,65.58,0.945,0.5968,0.001484
2024-01-05,44162.69,63.11,1.0674,0.5934,0.001429
2024-01-08,46970.5,59.8,1.2114,0.5964,0.001273
2024-01-09,46139.73,57.73,1.0122,0.592,0.001251
2024-01-10,46627.78,56.57,0.9555,0.5909,0.001213
2024-01-11,46368.59,53.62,0.9479,0.591,0.001156
2024-01-12,42853.17,48.55,0.8381,0.596,0.001133
2024-01-16,43154.95,48.21,0.8781,0.5958,0.001117
2024-01-17,42742.65,49.9,0.8709,0.5959,0.001167
2024-01-18,41262.06,48.66,0.8233,0.5969,0.001179
2024-01-19,41618.41,48.1,0.787,0.5963,0.001156
2024-01-22,39507.37,47.02,0.6593,0.5984,0.00119
2024-01-23,39845.55,45.02,0.7201,0.5977,0.00113
2024-01-24,40077.07,45.1,0.6735,0.5969,0.001125
2024-01-25,39933.81,45.78,0.6669,0.5969,0.001146
2024-01-26,41816.87,49.45,0.7136,0.5983,0.001183
2024-01-29,43288.25,51.38,0.7934,0.5991,0.001187
2024-01-30,42952.61,51.95,0.7984,0.5991,0.001209
2024-01-31,42582.61,50.12,0.8248,0.5987,0.001177
2024-02-01,43075.77,50.35,0.8557,0.5987,0.001169
2024-02-02,43185.86,50.01,1.0685,0.5889,0.001158
2024-02-05,42658.67,49.06,0.9935,0.5886,0.00115
2024-02-06,43084.67,49.8,1.0013,0.5886,0.001156
2024-02-07,44318.22,50.8,1.0714,0.5892,0.001146
2024-02-08,45301.57,58.78,1.0972,0.5895,0.001298
2024-02-09,47147.2,64.63,1.3271,0.5869,0.001371
2024-02-12,49958.22,71.75,1.4612,0.5896,0.001436
2024-02-13,49742.44,68.6,1.5126,0.589,0.001379
2024-02-14,51826.7,76.99,1.5849,0.5901,0.001485
2024-02-15,51938.55,71.8,1.5805,0.5901,0.001382
2024-02-16,52160.2,69.96,1.612,0.59,0.001341
2024-02-20,52284.88,70.5,1.7755,0.5869,0.001348
2024-02-21,51839.18,67.28,1.6873,0.5866,0.001298
2024-02-22,51304.97,71.32,1.6542,0.5867,0.00139
2024-02-23,50731.95,68.74,1.3727,0.5786,0.001355
2024-02-26,54522.4,79.65,1.4373,0.5812,0.001461
2024-02-27,57085.37,87.18,1.8125,0.5742,0.001527
2024-02-28,62504.79,96.29,2.088,0.5808,0.001541
2024-02-29,61198.38,102.28,2.1063,0.5805,0.001671
2024-03-01,62440.63,107.94,2.1579,0.5808,0.001729
2024-03-04,68330.41,133.4,2.4962,0.5871,0.001952
2024-03-05,63801.2,105.1,2.3774,0.5903,0.001647
2024-03-06,66106.8,124.62,2.5642,0.5908,0.001885
2024-03-07,66925.48,130.0,2.4474,0.5893,0.001942
2024-03-08,68300.09,142.56,2.5393,0.5895,0.002087
2024-03-11,72123.91,148.42,2.752,0.5916,0.002058
2024-03-12,71481.29,159.34,2.7404,0.5917,0.002229
2024-03-13,73083.5,176.62,2.762,0.5918,0.002417
2024-03-14,71396.59,167.68,2.6477,0.5924,0.002349
2024-03-15,69403.77,178.24,2.5717,0.5932,0.002568
2024-03-18,67548.59,150.28,2.4422,0.594,0.002225
2024-03-19,61912.77,141.75,2.0444,0.5999,0.00229
2024-03-20,67913.67,154.65,2.3686,0.6064,0.002277
2024-03-21,65491.39,159.93,2.2819,0.6076,0.002442
2024-03-22,63778.76,152.3,2.2629,0.6078,0.002388
2024-03-25,69958.81,185.6,2.6548,0.6139,0.002653
2024-03-26,69987.84,187.7,2.6736,0.6138,0.002682
2024-03-27,69455.34,191.92,2.6255,0.6139,0.002763
2024-03-28,70744.95,170.46,2.6499,0.614,0.002409
2024-04-01,69702.15,163.67,2.633,0.6142,0.002348
2024-04-02,65446.97,157.88,2.3475,0.6176,0.002412
2024-04-03,65980.81,160.61,2.4126,0.6174,0.002434
2024-04-04,68508.84,161.54,2.5794,0.6182,0.002358
2024-04-05,67837.64,143.9,2.5603,0.6183,0.002121
2024-04-08,71631.36,151.3,2.7362,0.6204,0.002112
2024-04-09,69139.02,144.1,2.5739,0.6216,0.002084
2024-04-10,70587.88,156.6,2.5126,0.6209,0.002219
2024-04-11,70060.61,155.18,2.3731,0.6203,0.002215
2024-04-12,67195.87,147.96,2.3125,0.6213,0.002202
2024-04-15,63426.21,133.59,2.0796,0.6242,0.002106
2024-04-16,63811.86,125.4,2.1134,0.6241,0.001965
2024-04-17,61276.69,118.81,1.9913,0.6257,0.001939
2024-04-18,63512.75,120.82,2.1505,0.6262,0.001902
2024-04-19,63843.57,117.41,2.159,0.6262,0.001839
2024-04-22,66837.68,132.4,2.1606,0.6263,0.001981
2024-04-23,66407.27,133.86,2.2232,0.6256,0.002016
2024-04-24,64276.9,126.57,2.4667,0.6172,0.001969
2024-04-25,64481.71,124.04,3.0604,0.5964,0.001924
2024-04-26,63755.32,128.24,2.6252,0.5884,0.002011
2024-04-29,63841.12,129.3,2.7478,0.5873,0.002025
2024-04-30,60636.86,106.5,2.6488,0.5892,0.001756
2024-05-01,58254.01,102.83,2.4501,0.5907,0.001765
2024-05-02,59123.43,112.94,2.5468,0.5906,0.00191
2024-05-03,62889.84,122.3,2.7687,0.5935,0.001945
2024-05-06,63161.95,126.88,2.7827,0.5934,0.002009
2024-05-07,62334.82,125.75,2.9484,0.5907,0.002017
2024-05-08,61187.94,123.31,2.7794,0.5907,0.002015
2024-05-09,63049.96,126.36,2.7957,0.5909,0.002004
2024-05-10,60792.78,118.05,2.6795,0.5922,0.001942
2024-05-13,62901.45,124.6,2.8787,0.5925,0.001981
2024-05-14,61552.79,129.76,2.743,0.593,0.002108
2024-05-15,66267.49,150.35,2.8598,0.5958,0.002269
2024-05-16,65231.58,144.0,2.8446,0.5959,0.002207
2024-05-17,67051.88,158.45,2.9238,0.5964,0.002363
2024-05-20,71448.2,172.72,3.2091,0.5993,0.002417
2024-05-21,70136.53,165.54,3.1041,0.5997,0.00236
2024-05-22,69122.34,164.7,3.1027,0.5997,0.002383
2024-05-23,67929.56,154.41,2.9417,0.5998,0.002273
2024-05-24,68526.1,168.48,2.9996,0.5997,0.002459
2024-05-28,68296.22,167.54,2.9692,0.5998,0.002453
2024-05-29,67578.09,161.87,2.8005,0.5993,0.002395
2024-05-30,68364.99,154.1,2.8374,0.5993,0.002254
2024-05-31,67491.41,152.45,2.8867,0.5988,0.002259
2024-06-03,68804.78,162.74,3.133,0.5972,0.002365
2024-06-04,70567.77,163.88,3.2925,0.5974,0.002322
2024-06-05,71082.82,169.47,3.2045,0.5969,0.002384
2024-06-06,70757.16,165.66,3.2073,0.5969,0.002341
2024-06-07,69342.59,159.62,3.1201,0.5974,0.002302
2024-06-10,69512.28,159.99,3.1384,0.5974,0.002302
2024-06-11,67332.03,155.55,3.0277,0.5984,0.00231
2024-06-12,68241.19,160.37,3.1227,0.5983,0.00235
2024-06-13,66756.4,148.39,3.0112,0.5988,0.002223
2024-06-14,66011.09,149.55,2.976,0.599,0.002266
2024-06-17,66490.3,150.73,2.9863,0.599,0.002267
2024-06-18,65140.75,146.94,2.8629,0.5995,0.002256
2024-06-20,64828.66,146.54,2.8504,0.5995,0.00226
2024-06-21,64096.2,148.38,2.781,0.5997,0.002315
2024-06-24,60277.41,137.21,2.5052,0.6031,0.002276
2024-06-25,61804.64,149.57,2.5426,0.6034,0.00242
2024-06-26,60811.28,145.77,2.3907,0.6032,0.002397
2024-06-27,61604.8,152.54,2.2648,0.6014,0.002476
2024-06-28,60320.14,137.75,2.0297,0.5998,0.002284
2024-07-01,62851.98,136.6,1.9701,0.5982,0.002173
2024-07-02,62029.02,132.02,1.9982,0.5978,0.002128
2024-07-03,60173.92,130.21,1.8536,0.5986,0.002164
2024-07-05,56662.38,128.17,1.4987,0.5978,0.002262
2024-07-08,56705.1,129.06,1.4725,0.5977,0.002276
2024-07-09,58009.23,130.18,1.5626,0.5978,0.002244
2024-07-10,57742.5,130.57,1.4977,0.5976,0.002261
2024-07-11,57344.91,135.86,1.4897,0.5976,0.002369
2024-07-12,57899.46,139.68,1.5088,0.5977,0.002412
2024-07-15,64870.15,161.13,1.8402,0.6078,0.002484
2024-07-16,65097.15,166.43,1.8133,0.6077,0.002557
2024-07-17,64118.79,159.0,1.7027,0.6076,0.00248
2024-07-18,63974.07,155.52,1.7256,0.6074,0.002431
2024-07-19,66710.16,177.85,1.8449,0.6087,0.002666
2024-07-22,67585.25,180.01,1.9695,0.6079,0.002663
2024-07-23,65927.67,172.18,1.8339,0.6082,0.002612
2024-07-24,65372.13,167.27,1.8498,0.6081,0.002559
2024-07-25,65777.23,160.65,2.0147,0.6058,0.002442
2024-07-26,67912.06,175.27,2.1366,0.6064,0.002581
2024-07-29,66819.91,168.49,2.064,0.6067,0.002521
2024-07-30,66201.02,160.41,1.9792,0.6066,0.002423
2024-07-31,64619.25,161.44,1.6584,0.6009,0.002498
2024-08-01,65357.5,151.18,1.7666,0.6002,0.002313
2024-08-02,61415.07,144.8,1.5,0.6026,0.002358
2024-08-05,53991.46,130.9,1.2095,0.6167,0.002424
2024-08-06,56034.32,136.92,1.3165,0.6175,0.002444
2024-08-07,55027.46,124.68,1.2978,0.6177,0.002266
2024-08-08,61710.14,135.99,1.6601,0.6269,0.002204
2024-08-09,60880.11,135.37,1.5881,0.627,0.002224
2024-08-12,59354.52,131.46,1.5642,0.6274,0.002215
2024-08-13,60609.57,135.38,1.5631,0.6274,0.002234
2024-08-14,58737.27,130.37,1.5021,0.6282,0.00222
2024-08-15,57560.1,131.93,1.5739,0.6265,0.002292
2024-08-16,58894.11,133.04,1.6257,0.6269,0.002259
2024-08-19,59493.45,135.35,1.6775,0.6268,0.002275
2024-08-20,59012.79,133.69,1.7172,0.6264,0.002265
2024-08-21,61175.19,141.42,2.0042,0.6236,0.002312
2024-08-22,60381.91,133.81,1.9911,0.6237,0.002216
2024-08-23,64094.36,150.01,1.6488,0.6003,0.00234
2024-08-26,62880.66,146.9,1.541,0.6004,0.002336
2024-08-27,59504.13,140.01,1.4411,0.6029,0.002353
2024-08-28,59027.62,132.09,1.3561,0.6024,0.002238
2024-08-29,59388.18,132.56,1.1656,0.5959,0.002232
2024-08-30,59119.48,132.42,1.1291,0.5959,0.00224
2024-09-03,57431.02,122.32,1.0383,0.5966,0.00213
2024-09-04,57971.54,124.85,1.1229,0.5957,0.002154
2024-09-05,56160.49,119.57,0.9821,0.5956,0.002129
2024-09-06,53948.75,114.3,0.9623,0.5962,0.002119
2024-09-09,57019.54,124.82,1.1009,0.5984,0.002189
2024-09-10,57648.71,129.64,1.1141,0.5985,0.002249
2024-09-11,57343.17,129.28,1.0228,0.5974,0.002254
2024-09-12,58127.01,130.77,1.0735,0.5974,0.00225
2024-09-13,60571.3,141.47,1.1269,0.5985,0.002336
2024-09-16,58192.51,134.53,1.094,0.5994,0.002312
2024-09-17,60308.54,131.27,1.141,0.6002,0.002177
2024-09-18,61649.68,132.67,1.1879,0.6006,0.002152
2024-09-19,62940.46,144.66,1.2443,0.6008,0.002298
2024-09-20,63192.98,144.78,1.1311,0.5984,0.002291
2024-09-23,63329.8,149.97,1.0946,0.5982,0.002368
2024-09-24,64301.97,153.88,1.1335,0.5983,0.002393
2024-09-25,63143.14,151.94,1.0771,0.5986,0.002406
2024-09-26,65181.02,165.98,1.1381,0.5993,0.002546
2024-09-27,65790.66,176.22,1.2344,0.5982,0.002678
2024-09-30,63329.5,168.6,1.0834,0.5988,0.002662
2024-10-01,60837.01,162.69,1.1107,0.5978,0.002674
2024-10-02,60632.79,164.64,1.1466,0.5974,0.002715
2024-10-03,60759.4,163.41,1.2275,0.5962,0.002689
2024-10-04,62067.48,176.51,1.2549,0.5965,0.002844
2024-10-07,62236.66,186.09,1.1986,0.5959,0.00299
2024-10-08,62131.97,192.2,1.186,0.5959,0.003093
2024-10-09,60582.1,188.91,1.0555,0.5956,0.003118
2024-10-10,60274.5,183.34,1.0543,0.5956,0.003042
2024-10-11,62445.09,212.59,1.2229,0.5948,0.003404
2024-10-14,66046.12,201.67,1.3028,0.5969,0.003053
2024-10-15,67041.11,194.31,1.3113,0.597,0.002898
2024-10-16,67612.72,194.09,1.3438,0.597,0.002871
2024-10-17,67399.84,193.42,1.2821,0.5966,0.00287
2024-10-18,68418.79,215.86,1.4705,0.593,0.003155
2024-10-21,67367.85,219.05,1.4357,0.5933,0.003252
2024-10-22,67361.41,219.7,1.4387,0.5933,0.003262
2024-10-23,66432.2,213.95,1.4604,0.593,0.003221
2024-10-24,68161.05,235.89,1.5428,0.5933,0.003461
2024-10-25,66642.41,234.34,1.4507,0.5937,0.003516
2024-10-28,69907.76,255.34,1.5857,0.5954,0.003653
2024-10-29,72720.49,258.24,1.6541,0.5965,0.003551
2024-10-30,72339.54,247.31,1.696,0.596,0.003419
2024-10-31,70215.19,244.5,1.6112,0.5969,0.003482
2024-11-01,69482.47,229.71,1.5877,0.5971,0.003306
2024-11-04,67811.51,222.99,1.4907,0.5976,0.003288
2024-11-05,69359.56,227.8,1.6338,0.5968,0.003284
2024-11-06,75639.08,257.81,1.8569,0.6027,0.003408
2024-11-07,75904.86,270.81,1.8408,0.6027,0.003568
2024-11-08,76545.48,270.42,1.7631,0.6018,0.003533
2024-11-11,88701.48,340.0,2.2587,0.6185,0.003833
2024-11-12,87955.81,356.59,2.2795,0.6184,0.004054
2024-11-13,90584.16,328.38,2.3242,0.6188,0.003625
2024-11-14,87250.43,327.67,2.387,0.6173,0.003756
2024-11-15,91066.01,340.65,2.3432,0.6163,0.003741
2024-11-18,90542.64,384.79,2.4367,0.6153,0.00425
2024-11-19,92343.79,430.54,2.4836,0.6155,0.004662
2024-11-20,94339.49,473.83,2.5626,0.6157,0.005023
2024-11-21,98504.73,397.28,2.8029,0.6165,0.004033
2024-11-22,98997.66,421.88,2.8195,0.6165,0.004262
2024-11-25,93102.3,403.45,2.7056,0.6189,0.004333
2024-11-26,91985.32,353.69,2.5965,0.619,0.003845
2024-11-27,95962.53,388.84,2.645,0.6197,0.004052
2024-11-29,97461.52,387.47,2.4405,0.6158,0.003976
2024-12-02,95865.3,380.3,2.1926,0.6137,0.003967
2024-12-03,96002.16,373.43,2.2095,0.6136,0.00389
2024-12-04,98768.53,406.0,2.2177,0.6137,0.004111
2024-12-05,96593.57,386.4,2.1909,0.614,0.004
2024-12-06,99920.71,395.01,2.256,0.6147,0.003953
2024-12-09,97432.72,365.34,2.2384,0.6149,0.00375
2024-12-10,96675.43,377.32,2.1754,0.615,0.003903
2024-12-11,101173.03,411.4,2.3196,0.6164,0.004066
2024-12-12,100043.0,392.19,2.211,0.6163,0.00392
2024-12-13,101459.26,408.67,2.325,0.6159,0.004028
2024-12-16,106029.72,408.5,2.545,0.6168,0.003853
2024-12-17,106140.6,386.42,2.4981,0.6167,0.003641
2024-12-18,100041.54,349.64,2.2893,0.6199,0.003495
2024-12-19,97490.95,326.46,2.1838,0.6206,0.003349
2024-12-20,97755.93,364.2,2.2165,0.6205,0.003726
2024-12-23,94686.24,332.23,2.0082,0.6207,0.003509
2024-12-24,98676.09,358.18,2.253,0.6205,0.00363
2024-12-26,95795.52,341.05,2.1777,0.6213,0.00356
2024-12-27,94164.86,330.0,2.1539,0.6215,0.003504
2024-12-30,92643.21,302.96,2.097,0.6218,0.00327
2024-12-31,93429.2,289.62,2.136,0.6218,0.0031
2025-01-02,96886.88,300.01,2.2394,0.6227,0.003096
2025-01-03,98107.43,339.66,2.3625,0.6221,0.003462
2025-01-06,102078.09,379.09,2.4925,0.6232,0.003714
2025-01-07,96922.7,341.43,2.3017,0.6256,0.003523
2025-01-08,95043.52,331.7,2.2537,0.626,0.00349
2025-01-10,94701.45,327.91,2.23,0.626,0.003463
2025-01-13,94516.52,328.4,2.2335,0.626,0.003475
2025-01-14,96534.05,342.17,2.253,0.6262,0.003545
2025-01-15,100504.49,360.62,2.4476,0.6269,0.003588
2025-01-16,99756.91,367.0,2.4188,0.627,0.003679
2025-01-17,104462.04,396.5,2.593,0.6284,0.003796
2025-01-21,106146.27,389.1,2.6376,0.6285,0.003666
2025-01-22,103653.07,377.31,2.4823,0.6289,0.00364
2025-01-23,103960.17,373.12,2.5167,0.6288,0.003589
2025-01-24,104819.48,353.67,2.5617,0.6288,0.003374
2025-01-27,102087.69,347.92,2.4726,0.6295,0.003408
2025-01-28,101332.48,335.93,2.4457,0.6296,0.003315
2025-01-29,103703.21,341.25,2.5551,0.6298,0.003291
2025-01-30,104735.3,340.09,2.6491,0.6295,0.003247
2025-01-31,102405.02,334.79,2.8405,0.6253,0.003269
2025-02-03,101405.42,347.09,2.8928,0.6248,0.003423
2025-02-04,97871.82,348.31,2.7464,0.6261,0.003559
2025-02-05,96615.45,336.7,2.7115,0.6263,0.003485
2025-02-06,96593.3,325.46,2.6545,0.6262,0.003369
2025-02-07,96529.09,327.56,2.6896,0.626,0.003393
2025-02-10,97437.55,334.62,2.7407,0.626,0.003434
2025-02-11,95747.43,319.46,2.6676,0.6263,0.003336
2025-02-12,97885.86,326.82,2.5303,0.624,0.003339
2025-02-13,96623.87,324.92,2.5397,0.624,0.003363
2025-02-14,97508.97,337.73,2.7603,0.6216,0.003464
2025-02-18,95539.55,333.97,2.703,0.622,0.003496
2025-02-19,96635.61,318.67,2.7485,0.622,0.003298
2025-02-20,98333.94,323.92,2.8183,0.6221,0.003294
2025-02-21,96125.55,299.69,2.6633,0.6225,0.003118
2025-02-24,91418.17,282.76,2.5289,0.6246,0.003093
2025-02-25,88736.17,250.51,2.5265,0.6247,0.002823
2025-02-26,84347.02,263.27,2.265,0.6266,0.003121
2025-02-27,84704.23,240.05,2.2295,0.6265,0.002834
2025-02-28,84373.01,255.43,2.1791,0.6264,0.003027
2025-03-03,86065.67,250.92,2.2345,0.6267,0.002915
2025-03-04,87222.2,275.15,2.2601,0.6267,0.003155
2025-03-05,90623.56,308.55,2.3304,0.6276,0.003405
2025-03-06,89961.73,304.11,2.3157,0.6276,0.00338
2025-03-07,86742.67,287.18,2.265,0.6284,0.003311
2025-03-10,78532.0,239.27,1.9546,0.6368,0.003047
2025-03-11,82862.21,260.59,2.1508,0.6386,0.003145
2025-03-12,83722.36,262.55,2.1934,0.6386,0.003136
2025-03-13,81066.7,263.26,2.0762,0.6396,0.003247
2025-03-14,83969.1,297.49,2.1075,0.64,0.003543
2025-03-17,84075.69,294.27,2.1241,0.64,0.0035
2025-03-18,82718.5,283.19,2.0046,0.64,0.003424
2025-03-19,86854.23,304.23,2.1664,0.6416,0.003503
2025-03-20,84167.2,302.07,2.0277,0.6424,0.003589
2025-03-21,84043.24,304.0,2.0655,0.6422,0.003617
2025-03-24,87498.91,335.72,2.1309,0.6431,0.003837
2025-03-25,87471.7,341.81,2.1711,0.6429,0.003908
2025-03-26,86900.88,329.31,2.1726,0.6429,0.003789
2025-03-27,87177.1,324.59,2.244,0.6425,0.003723
2025-03-28,84353.15,289.41,2.1526,0.6435,0.003431
2025-03-31,82548.91,288.27,2.073,0.644,0.003492
2025-04-01,85169.17,306.02,1.9864,0.6421,0.003593
2025-04-02,82485.71,312.54,1.9028,0.643,0.003789
2025-04-03,83102.83,282.28,1.9336,0.643,0.003397
2025-04-04,83843.8,293.61,1.9194,0.6429,0.003502
2025-04-07,79235.34,268.14,1.6694,0.6449,0.003384
2025-04-08,76271.95,237.95,1.3052,0.6374,0.00312
2025-04-09,82573.95,296.86,1.4357,0.6417,0.003595
2025-04-10,79626.14,272.34,1.3078,0.6427,0.00342
2025-04-11,83404.84,299.98,1.4418,0.6441,0.003597
2025-04-14,84542.39,311.45,1.4932,0.6441,0.003684
2025-04-15,83668.99,310.72,1.425,0.6441,0.003714
2025-04-16,84033.87,311.66,1.424,0.6441,0.003709
2025-04-17,84895.75,317.2,1.3957,0.6438,0.003736
2025-04-21,87518.91,317.76,1.505,0.6442,0.003631
2025-04-22,93441.89,343.03,1.6903,0.6472,0.003671
2025-04-23,93699.11,345.73,1.6743,0.6472,0.00369
2025-04-24,93943.8,350.34,1.6505,0.6471,0.003729
2025-04-25,94720.5,368.71,1.6566,0.6471,0.003893
2025-04-28,94978.75,369.25,1.5885,0.6466,0.003888
2025-04-29,94284.79,381.45,1.5268,0.6465,0.004046
2025-04-30,94207.31,380.11,1.5809,0.6461,0.004035
2025-05-01,96492.34,381.6,1.7152,0.6458,0.003955
2025-05-02,96910.07,394.37,1.5583,0.6428,0.004069
2025-05-05,94748.05,386.53,1.6206,0.6414,0.00408
2025-05-06,96802.48,385.6,1.6451,0.6417,0.003983
2025-05-07,97032.32,392.48,1.5891,0.6413,0.004045
2025-05-08,103241.46,414.38,1.8827,0.6422,0.004014
2025-05-09,102970.85,416.03,1.7509,0.6409,0.00404
2025-05-12,102812.95,404.9,1.7257,0.6409,0.003938
2025-05-13,104169.81,421.61,1.7962,0.6408,0.004047
2025-05-14,103539.41,416.75,1.7369,0.6408,0.004025
2025-05-15,103744.64,397.03,1.7403,0.6408,0.003827
2025-05-16,103489.29,399.8,1.7441,0.6407,0.003863
2025-05-19,105606.18,413.42,1.7296,0.6406,0.003915
2025-05-20,106791.09,416.92,1.5439,0.6357,0.003904
2025-05-21,109678.08,402.69,1.4881,0.6345,0.003672
2025-05-22,111673.28,399.46,1.5527,0.6346,0.003577
2025-05-23,107287.8,369.51,1.4782,0.6359,0.003444
2025-05-27,108994.64,372.2,1.4678,0.6358,0.003415
2025-05-28,107802.33,364.25,1.6138,0.632,0.003379
2025-05-29,105641.76,370.63,1.5486,0.6324,0.003508
2025-05-30,103998.57,369.06,1.4247,0.6318,0.003549
2025-06-02,105881.53,372.27,1.461,0.632,0.003516
2025-06-03,105432.47,387.43,1.5145,0.6314,0.003675
2025-06-04,104731.98,378.1,1.4571,0.6313,0.00361
2025-06-05,101575.95,368.79,1.403,0.6321,0.003631
2025-06-06,104390.34,374.47,1.3914,0.6319,0.003587
2025-06-09,110294.1,392.12,1.5142,0.6341,0.003555
2025-06-10,110257.23,391.18,1.506,0.6341,0.003548
2025-06-11,108686.62,387.11,1.5561,0.6333,0.003562
2025-06-12,105929.05,379.76,1.4384,0.6336,0.003585
2025-06-13,106090.97,382.87,1.4888,0.6332,0.003609
2025-06-16,106796.76,382.25,1.5368,0.6331,0.003579
2025-06-17,104601.12,375.18,1.3266,0.6303,0.003587
2025-06-18,104883.33,369.03,1.4478,0.6283,0.003518
2025-06-20,103309.6,369.7,1.3384,0.6279,0.003579
2025-06-23,105577.77,367.18,1.3907,0.6282,0.003478
2025-06-24,106045.63,377.02,1.2577,0.6254,0.003555
2025-06-25,107361.26,388.67,1.3269,0.6251,0.00362
2025-06-26,106960.0,386.44,1.2939,0.6251,0.003613
2025-06-27,107088.43,383.88,1.3095,0.6251,0.003585
2025-06-30,107135.34,404.23,1.5001,0.6198,0.003773
2025-07-01,105698.28,373.3,1.4493,0.6199,0.003532
2025-07-02,108859.32,402.28,1.5469,0.6204,0.003695
2025-07-03,109647.98,403.99,1.6574,0.6193,0.003684
2025-07-07,108299.85,395.67,1.6022,0.6194,0.003653
2025-07-08,108950.27,396.94,1.7577,0.617,0.003643
2025-07-09,111326.55,415.41,1.794,0.6173,0.003731
2025-07-10,115987.2,421.74,1.8941,0.6184,0.003636
2025-07-11,117516.99,434.58,1.9428,0.6185,0.003698
2025-07-14,119849.7,451.02,1.8661,0.6172,0.003763
2025-07-15,117777.19,442.31,1.7208,0.6167,0.003755
2025-07-16,118738.51,455.9,1.7644,0.6167,0.00384
2025-07-17,119289.84,451.34,1.8014,0.6165,0.003784
2025-07-18,118003.23,423.22,1.7394,0.6166,0.003587
2025-07-21,117439.54,426.28,1.7194,0.6167,0.00363
2025-07-22,119995.41,426.4,1.8129,0.6168,0.003553
2025-07-23,118754.96,412.67,1.7563,0.6169,0.003475
2025-07-24,118368.0,414.92,1.6709,0.6164,0.003505
2025-07-25,117635.88,405.89,1.5967,0.6161,0.00345
2025-07-28,117924.48,403.8,1.5012,0.615,0.003424
2025-07-29,117922.15,394.66,1.3604,0.6125,0.003347
2025-07-30,117831.19,395.04,1.3688,0.6125,0.003353
2025-07-31,115758.2,401.86,1.2336,0.6116,0.003472
2025-08-01,113320.09,366.63,1.1818,0.612,0.003235
2025-08-04,115071.88,389.24,1.2061,0.6122,0.003383
2025-08-05,114141.45,375.46,1.1831,0.6122,0.003289
2025-08-06,115028.0,383.41,1.2189,0.6122,0.003333
2025-08-07,117496.9,402.01,1.2902,0.6123,0.003421
2025-08-08,116688.73,395.13,1.3001,0.6123,0.003386
2025-08-11,118731.45,400.25,1.1777,0.6084,0.003371
2025-08-12,120172.91,394.39,1.1051,0.6069,0.003282
2025-08-13,123344.06,389.9,0.9734,0.6009,0.003161
2025-08-14,118359.58,372.94,0.934,0.602,0.003151
2025-08-15,117398.35,366.32,0.8802,0.6018,0.00312
2025-08-18,116252.31,363.6,0.7013,0.5953,0.003128
2025-08-19,112831.18,336.57,0.7685,0.592,0.002983
2025-08-20,114274.74,344.37,0.7286,0.5911,0.003014
2025-08-21,112419.03,337.58,0.6798,0.5913,0.003003
2025-08-22,116874.09,358.13,0.7112,0.5922,0.003064
2025-08-25,110124.35,343.2,0.5269,0.5929,0.003116
2025-08-26,111802.66,351.36,0.5641,0.593,0.003143
2025-08-27,111222.06,342.06,0.5218,0.5927,0.003075
2025-08-28,112544.8,338.84,0.5763,0.5923,0.003011
2025-08-29,108410.84,334.41,0.562,0.5928,0.003085
2025-09-02,111200.59,341.62,0.6462,0.5926,0.003072
2025-09-03,111723.21,330.26,0.8045,0.5859,0.002956
2025-09-04,110723.6,327.59,0.6304,0.5789,0.002959
2025-09-05,110650.98,335.87,0.6896,0.5777,0.003035
2025-09-08,112071.43,329.9,0.7572,0.5771,0.002944
2025-09-09,111530.55,328.53,0.5942,0.5699,0.002946
2025-09-10,113955.36,326.45,0.6282,0.5702,0.002865
2025-09-11,115507.54,326.02,0.663,0.5703,0.002822
2025-09-12,116101.58,331.44,0.6411,0.57,0.002855
2025-09-15,115444.88,327.79,0.6563,0.5699,0.002839
2025-09-16,116843.19,335.09,0.7853,0.5663,0.002868
2025-09-17,116468.51,329.71,0.7652,0.5663,0.002831
2025-09-18,117137.2,349.12,0.7098,0.5651,0.00298
2025-09-19,115688.86,344.75,0.7054,0.5652,0.00298
2025-09-22,112748.51,335.93,0.574,0.5633,0.002979
2025-09-23,112014.5,327.78,0.6201,0.5622,0.002926
2025-09-24,113328.63,323.31,0.6055,0.5619,0.002853
2025-09-25,109049.29,300.7,0.5565,0.5633,0.002757
2025-09-26,109712.83,309.06,0.6327,0.5617,0.002817
2025-09-29,114400.38,326.42,0.8037,0.56,0.002853
2025-09-30,114056.09,322.21,0.7874,0.56,0.002825
2025-10-01,118648.93,338.41,0.9363,0.5597,0.002852
2025-10-02,120681.26,352.33,0.9001,0.5588,0.00292
2025-10-03,122266.53,351.63,0.9151,0.5589,0.002876
2025-10-06,124752.53,359.69,0.8665,0.5575,0.002883
2025-10-07,121451.38,328.4,0.8289,0.5582,0.002704
2025-10-08,123354.87,330.8,0.9191,0.5573,0.002682
2025-10-09,121705.59,320.29,0.8874,0.5575,0.002632
2025-10-10,113214.37,304.79,0.7758,0.5622,0.002692
2025-10-13,115271.08,315.47,0.8056,0.5625,0.002737
2025-10-14,113118.66,300.67,0.8655,0.5603,0.002658
2025-10-15,110783.16,296.76,0.9017,0.5592,0.002679
2025-10-16,108186.04,283.84,0.8298,0.5596,0.002624
2025-10-17,106467.79,289.87,0.6929,0.5567,0.002723
2025-10-20,110588.93,296.61,0.7509,0.5579,0.002682
2025-10-21,108476.89,301.91,0.7402,0.558,0.002783
2025-10-22,107688.59,280.81,0.76,0.5578,0.002608
2025-10-23,110069.73,284.92,0.7458,0.5574,0.002589
2025-10-24,111033.92,289.08,0.8264,0.5561,0.002604
2025-10-27,114119.33,295.63,0.8143,0.5558,0.002591
2025-10-28,112956.16,284.64,0.8351,0.5554,0.00252
2025-10-29,110055.3,275.36,0.6608,0.5514,0.002502
2025-10-30,108305.55,254.57,0.6603,0.5514,0.00235
2025-10-31,109556.16,269.51,0.6339,0.5509,0.00246
2025-11-03,106547.52,264.67,0.4913,0.5481,0.002484
2025-11-04,101590.52,246.99,0.4485,0.5499,0.002431
2025-11-05,103891.84,255.0,0.503,0.5501,0.002454
2025-11-06,101301.29,237.2,0.4913,0.5504,0.002342
2025-11-07,103372.41,241.93,0.5085,0.5507,0.00234
2025-11-10,105996.59,238.88,0.552,0.5512,0.002254
2025-11-11,102997.47,231.35,0.5241,0.5519,0.002246
2025-11-12,101663.19,224.61,0.4871,0.552,0.002209
2025-11-13,99697.49,208.54,0.4772,0.5522,0.002092
2025-11-14,94397.79,199.75,0.372,0.5547,0.002116
2025-11-17,92093.88,195.42,0.305,0.5547,0.002122
2025-11-18,92948.88,206.8,0.3076,0.5547,0.002225
2025-11-19,91465.99,186.5,0.2927,0.555,0.002039
2025-11-20,86631.9,177.13,0.2493,0.5573,0.002045
2025-11-21,85090.69,170.5,0.2241,0.5576,0.002004
2025-11-24,88270.56,179.04,0.311,0.5578,0.002028
2025-11-25,87341.89,172.19,0.2799,0.5578,0.001971
2025-11-26,90518.37,175.64,0.356,0.5584,0.00194
2025-11-28,90919.27,177.18,0.3773,0.5583,0.001949
2025-12-01,86321.57,171.42,0.2983,0.5608,0.001986
2025-12-02,91350.2,181.33,0.4024,0.5631,0.001985
2025-12-03,93527.8,188.39,0.4427,0.5636,0.002014
2025-12-04,92141.62,186.01,0.4376,0.5636,0.002019
2025-12-05,89387.76,178.99,0.4829,0.561,0.002002
2025-12-08,90640.2,183.69,0.4666,0.5607,0.002027
2025-12-09,92691.71,188.99,0.5243,0.5608,0.002039
2025-12-10,92020.95,184.64,0.4937,0.5608,0.002006
2025-12-11,92511.34,183.3,0.5337,0.5603,0.001981
2025-12-12,90270.41,176.45,0.4362,0.5595,0.001955
2025-12-15,86419.78,162.08,0.3932,0.5611,0.001875
2025-12-16,87843.98,167.5,0.4598,0.5604,0.001907
2025-12-17,86143.76,160.38,0.5203,0.5574,0.001862
2025-12-18,85462.51,158.24,0.5071,0.5575,0.001852
2025-12-19,88103.38,164.82,0.5188,0.5579,0.001871
2025-12-22,88490.02,164.32,0.5325,0.5578,0.001857
2025-12-23,87414.0,157.88,0.5244,0.5579,0.001806
2025-12-24,87611.96,158.71,0.5132,0.5579,0.001812
2025-12-26,87301.43,158.81,0.3458,0.5464,0.001819
2025-12-29,87138.14,155.39,0.3386,0.5464,0.001783
2025-12-30,88430.13,155.61,0.3792,0.5463,0.00176
2025-12-31,87508.83,151.95,0.3679,0.5464,0.001736
2026-01-02,89944.7,157.16,0.3483,0.5455,0.001747
2026-01-05,93882.55,164.72,0.3891,0.547,0.001755
2026-01-06,93729.03,157.97,0.4217,0.5464,0.001685
2026-01-07,91308.05,161.83,0.3967,0.547,0.001772
2026-01-08,91027.12,166.97,0.3839,0.547,0.001834
2026-01-09,90513.1,157.33,0.3328,0.5461,0.001738
2026-01-12,91192.99,162.23,0.3648,0.5459,0.001779
2026-01-13,95321.78,172.99,0.4399,0.5475,0.001815
2026-01-14,96929.33,179.33,0.5,0.5472,0.00185
2026-01-15,95551.19,170.91,0.462,0.5473,0.001789
2026-01-16,95525.12,173.71,0.5554,0.5436,0.001818
2026-01-20,88310.91,160.23,0.6356,0.5338,0.001814
2026-01-21,89376.96,163.81,0.595,0.5327,0.001833
2026-01-22,89462.45,160.98,0.6258,0.5323,0.001799
2026-01-23,89503.88,163.11,0.4504,0.5201,0.001822
2026-01-26,88267.14,160.58,0.4499,0.5201,0.001819
2026-01-27,89102.57,161.58,0.5012,0.5195,0.001813
2026-01-28,89184.57,158.45,0.4715,0.5191,0.001777
2026-01-29,84561.59,143.19,0.4397,0.5209,0.001693
2026-01-30,84128.66,149.71,0.4616,0.5205,0.00178
2026-02-02,78688.77,139.63,0.3361,0.5245,0.001774
2026-02-03,75633.55,133.26,0.2713,0.5259,0.001762
2026-02-04,73019.7,129.09,0.2374,0.5271,0.001768
2026-02-05,62702.1,106.99,0.025,0.5476,0.001706
2026-02-06,70555.39,134.93,0.1685,0.56,0.001912
2026-02-09,70120.78,138.44,0.094,0.5569,0.001974
2026-02-10,68793.96,133.0,0.094,0.5569,0.001933
2026-02-11,66991.97,126.07,0.1258,0.5548,0.001882
2026-02-12,66221.84,123.0,0.1219,0.5548,0.001857
2026-02-13,68857.84,133.88,0.1595,0.5562,0.001944
2026-02-17,67494.22,128.67,0.1417,0.5565,0.001906
2026-02-18,66425.32,125.2,0.1566,0.556,0.001885
2026-02-19,66957.52,129.45,0.155,0.556,0.001933
2026-02-20,68005.42,131.05,0.2109,0.5552,0.001927
2026-02-23,64616.74,123.71,0.1977,0.5561,0.001915
2026-02-24,64080.04,124.61,0.1238,0.5535,0.001945
2026-02-25,67960.12,135.65,0.1789,0.5565,0.001996
2026-02-26,67453.77,133.4,0.1763,0.5565,0.001978
2026-02-27,65881.8,129.5,0.1334,0.5568,0.001966
2026-03-02,68775.85,137.65,0.1355,0.557,0.002001
2026-03-03,68293.65,132.68,0.1736,0.5556,0.001943
2026-03-04,72710.58,146.44,0.2056,0.5579,0.002014
2026-03-05,70841.12,139.81,0.1491,0.5581,0.001974
2026-03-06,68136.49,133.53,0.0826,0.5591,0.00196
2026-03-09,68402.38,138.95,0.0824,0.5591,0.002031
2026-03-10,69926.92,138.46,0.1042,0.5596,0.00198
2026-03-11,70204.88,138.33,0.0918,0.5594,0.00197
2026-03-12,70493.46,137.34,0.1164,0.5591,0.001948
2026-03-13,70968.27,139.67,0.0888,0.5582,0.001968
2026-03-16,74861.09,147.52,0.1379,0.5607,0.001971
2026-03-17,73922.48,150.28,0.1673,0.5595,0.002033
2026-03-18,71245.58,140.56,0.1711,0.5593,0.001973
2026-03-19,69912.79,138.24,0.1531,0.5596,0.001977
2026-03-20,70522.59,135.66,0.1607,0.5597,0.001924
2026-03-23,70914.86,138.2,0.1425,0.5593,0.001949
2026-03-24,70517.86,136.25,0.1331,0.5593,0.001932
2026-03-25,71309.88,139.13,0.1477,0.5594,0.001951
2026-03-26,68791.62,132.93,0.1355,0.56,0.001932
2026-03-27,66338.38,126.03,0.1006,0.5612,0.0019
2026-03-30,66691.45,121.44,0.068,0.5601,0.001821
2026-03-31,68233.31,124.8,0.0331,0.5578,0.001829
2026-04-01,68078.55,122.78,0.0155,0.5576,0.001804
2026-04-02,66888.57,119.83,-0.0107,0.5578,0.001791
2026-04-06,68859.83,127.69,0.0217,0.5585,0.001854
2026-04-07,71940.7,123.72,0.0515,0.56,0.00172
2026-04-08,71123.36,128.3,0.0557,0.5599,0.001804
2026-04-09,71767.83,128.86,0.0654,0.56,0.001796
2026-04-10,72979.05,128.64,0.0985,0.5601,0.001763
2026-04-13,74484.64,132.36,0.0928,0.5599,0.001777
2026-04-14,74181.61,137.41,0.1131,0.5594,0.001852
2026-04-15,74805.08,143.54,0.0701,0.5574,0.001919
2026-04-16,75152.13,148.94,0.0334,0.5561,0.001982
2026-04-17,77126.88,166.52,0.0662,0.5566,0.002159
2026-04-20,75872.52,170.81,0.0806,0.5561,0.002251
2026-04-21,76352.77,163.97,0.0989,0.556,0.002148
2026-04-22,78203.1,179.36,0.1532,0.556,0.002294
2026-04-23,78268.95,172.47,0.1285,0.5555,0.002204
2026-04-24,77455.31,171.02,0.024,0.5488,0.002208
2026-04-27,77366.62,169.2,0.0193,0.5488,0.002187
2026-04-28,76350.67,165.71,-0.0025,0.5489,0.00217
2026-04-29,75776.13,158.19,-0.1457,0.5287,0.002088
2026-04-30,76304.32,165.45,-0.1325,0.5287,0.002168
2026-05-01,78179.0,177.17,-0.1369,0.5284,0.002266
2026-05-04,79827.91,183.8,-0.0851,0.5275,0.002302
2026-05-05,80927.05,186.9,-0.1113,0.5259,0.002309
2026-05-06,81427.53,186.82,-0.1007,0.526,0.002294
2026-05-07,80009.99,179.84,-0.1336,0.5259,0.002248
2026-05-08,80186.77,187.59,-0.15,0.5254,0.002339
2026-05-11,81728.3,195.94,-0.1703,0.5239,0.002397
2026-05-12,80477.49,184.42,-0.1871,0.5241,0.002292
2026-05-13,79277.12,178.03,-0.1485,0.5208,0.002246
2026-05-14,81051.25,186.97,-0.1189,0.5211,0.002307
2026-05-15,79065.68,177.42,-0.1761,0.5199,0.002244
2026-05-18,76954.17,166.63,-0.2104,0.5204,0.002165
2026-05-19,76750.91,164.63,-0.1994,0.5201,0.002145
2026-05-20,77457.77,165.81,-0.1932,0.5202,0.002141
2026-05-21,77539.17,164.85,-0.2149,0.5194,0.002126
2026-05-22,75488.24,159.89,-0.2185,0.5196,0.002118
2026-05-26,75825.73,159.93,-0.2411,0.5185,0.002109
2026-05-27,74344.7,154.2,-0.237,0.5183,0.002074
2026-05-28,73536.55,151.64,-0.2393,0.5183,0.002062
2026-05-29,73372.52,159.09,-0.2748,0.5162,0.002168
2026-06-01,71319.77,149.78,-0.2871,0.5169,0.0021
2026-06-02,66703.66,136.08,-0.3426,0.5208,0.00204
2026-06-03,64014.37,126.55,-0.3963,0.5204,0.001977
2026-06-04,63801.57,129.37,-0.3989,0.5204,0.002028
2026-06-05,60922.67,120.44,-0.391,0.5191,0.001977
2026-06-08,63090.59,127.2,-0.3529,0.5198,0.002016
2026-06-09,61643.78,117.02,-0.3694,0.5202,0.001898
2026-06-10,61449.29,115.35,-0.351,0.5193,0.001877
2026-06-11,63561.05,120.15,-0.3559,0.5188,0.00189
2026-06-12,63543.2,123.97,-0.3367,0.518,0.001951
2026-06-15,66289.5,131.14,-0.296,0.5196,0.001978
2026-06-16,65600.64,122.81,-0.2919,0.5194,0.001872
2026-06-17,64418.45,116.56,-0.3105,0.5196,0.001809
2026-06-18,62896.47,112.53,-0.3508,0.5188,0.001789
2026-06-22,63952.11,109.46,-0.3481,0.5189,0.001712
2026-06-23,62668.02,103.84,-0.3861,0.5176,0.001657
2026-06-24,60995.13,94.13,-0.3707,0.5158,0.001543
2026-06-25,59721.68,85.33,-0.3716,0.5158,0.001429
2026-06-26,60016.43,82.31,-0.3663,0.5159,0.001371
2026-06-29,60138.38,92.68,-0.3637,0.5159,0.001541
2026-06-30,58558.86,86.93,-0.3934,0.516,0.001484
2026-07-01,60003.76,93.39,-0.403,0.515,0.001556
2026-07-02,61485.3,100.77,-0.3836,0.5156,0.001639
2026-07-06,63995.02,100.77,-0.3874,0.5151,0.001575
2026-07-07,63297.39,97.36,-0.4037,0.5148,0.001538
2026-07-08,62257.57,93.87,-0.3994,0.5146,0.001508
2026-07-09,63193.15,93.89,-0.3921,0.5148,0.001486
2026-07-10,64127.14,94.64,-0.3882,0.515,0.001476
2026-07-13,62239.12,92.1,-0.3903,0.5152,0.00148
2026-07-14,64956.11,97.58,-0.359,0.517,0.001502
2026-07-15,64712.38,97.47,-0.376,0.5164,0.001506
2026-07-16,63789.28,94.03,-0.3909,0.5165,0.001474
2026-07-17,63899.46,94.85,-0.376,0.5161,0.001484
2026-07-20,65230.03,97.82,-0.3567,0.5165,0.0015
2026-07-21,66505.12,101.95,-0.3205,0.5157,0.001533
2026-07-22,66100.8,100.01,-0.3158,0.5156,0.001513
2026-07-23,65044.81,93.63,-0.3266,0.5158,0.001439
2026-07-24,64098.5,91.67,-0.336,0.516,0.00143
2026-07-27,63724.9,98.65,-0.346,0.5159,0.001548
2026-07-28,63871.36,96.16,-0.3329,0.5157,0.001506
2026-07-29,63908.17,93.33,-0.3471,0.5151,0.00146
2026-07-30,64725.31,97.74,-0.3301,0.5152,0.00151
2026-07-31,62813.75,93.28,-0.3558,0.5159,0.001485
2026-08-03,63460.9,94.86,-0.3358,0.5157,0.001495
2026-08-04,64055.95,97.65,-0.3371,0.5156,0.001524
2026-08-05,64597.5,98.37,-0.3431,0.5154,0.001523
2026-08-06,64262.11,96.85,-0.3315,0.5149,0.001507
2026-08-07,64880.19,100.01,-0.2903,0.5127,0.001541
2026-08-10,63910.59,97.33,-0.2798,0.5121,0.001523
2026-08-11,63551.88,96.09,-0.2465,0.5096,0.001512
2026-08-12,63402.43,94.83,-0.2515,0.5096,0.001496
2026-08-13,63402.17,97.1,-0.2485,0.5096,0.001531
2026-08-14,62975.59,93.04,-0.2683,0.5092,0.001477
2026-08-17,64506.25,97.68,-0.2604,0.5096,0.001514
2026-08-18,64680.71,92.52,-0.2863,0.5081,0.00143
2026-08-19,69266.19,104.25,-0.23,0.5128,0.001505
2026-08-20,73032.76,112.39,-0.1581,0.5144,0.001539
2026-08-21,78335.19,119.25,-0.0025,0.5096,0.001522
2026-08-24,78964.48,122.63,-0.047,0.5068,0.001553
2026-08-25,78564.98,126.83,-0.0616,0.5067,0.001614
2026-08-26,79027.42,123.19,-0.0252,0.5057,0.001559
2026-08-27,80257.54,137.4,-0.0442,0.5047,0.001712
2026-08-28,77830.29,127.31,-0.0743,0.5056,0.001636
2026-08-31,78548.63,132.94,-0.0504,0.5055,0.001692
2026-09-01,77403.62,124.88,-0.1088,0.5033,0.001613
2026-09-02,77300.48,123.19,-0.0500,0.5050,0.001594
2026-09-03,81271.74,144.82,-0.0500,0.5050,0.001782
2026-09-04,79671.97,142.80,-0.0500,0.5050,0.001792
2026-09-08,78438.58,136.52,-0.0500,0.5050,0.001740
2026-09-09,78259.52,132.70,-0.0500,0.5050,0.001696
2026-09-10,77962.78,132.70,0.6018,0.8199,0.001702
2026-09-11,76796.57,128.56,0.6306,0.8199,0.001674
2026-09-12,77283.00,130.97,0.3051,0.8066,0.001695
